Date,Copper
2012-01-03,3.525
2012-01-04,3.429
2012-01-05,3.422
2012-01-06,3.431
2012-01-09,3.413
2012-01-10,3.51
2012-01-11,3.542
2012-01-12,3.644
2012-01-13,3.632
2012-01-17,3.726
2012-01-18,3.747
2012-01-19,3.797
2012-01-20,3.741
2012-01-23,3.795
2012-01-24,3.804
2012-01-25,3.825
2012-01-26,3.897
2012-01-27,3.884
2012-01-30,3.822
2012-01-31,3.788
2012-02-01,3.838
2012-02-02,3.777
2012-02-03,3.897
2012-02-06,3.859
2012-02-07,3.873
2012-02-08,3.906
2012-02-09,3.974
2012-02-10,3.86
2012-02-13,3.837
2012-02-14,3.812
2012-02-15,3.798
2012-02-16,3.788
2012-02-17,3.705
2012-02-21,3.833
2012-02-22,3.83
2012-02-23,3.804
2012-02-24,3.862
2012-02-27,3.88
2012-02-28,3.912
2012-02-29,3.87
2012-03-01,3.925
2012-03-02,3.896
2012-03-05,3.853
2012-03-06,3.731
2012-03-07,3.76
2012-03-08,3.786
2012-03-09,3.853
2012-03-12,3.832
2012-03-13,3.897
2012-03-14,3.842
2012-03-15,3.892
2012-03-16,3.874
2012-03-19,3.906
2012-03-20,3.828
2012-03-21,3.849
2012-03-22,3.768
2012-03-23,3.809
2012-03-26,3.885
2012-03-27,3.879
2012-03-28,3.787
2012-03-29,3.794
2012-03-30,3.824
2012-04-02,3.918
2012-04-03,3.916
2012-04-04,3.785
2012-04-05,3.792
2012-04-09,3.716
2012-04-10,3.646
2012-04-11,3.636
2012-04-12,3.716
2012-04-13,3.623
2012-04-16,3.624
2012-04-17,3.644
2012-04-18,3.628
2012-04-19,3.627
2012-04-20,3.696
2012-04-23,3.623
2012-04-24,3.671
2012-04-25,3.7
2012-04-26,3.768
2012-04-27,3.82
2012-04-30,3.833
2012-05-01,3.84
2012-05-02,3.785
2012-05-03,3.733
2012-05-04,3.724
2012-05-07,3.777
2012-05-08,3.686
2012-05-09,3.67
2012-05-10,3.692
2012-05-11,3.648
2012-05-14,3.557
2012-05-15,3.522
2012-05-16,3.485
2012-05-17,3.479
2012-05-18,3.47
2012-05-21,3.504
2012-05-22,3.487
2012-05-23,3.398
2012-05-24,3.429
2012-05-25,3.448
2012-05-29,3.463
2012-05-30,3.386
2012-05-31,3.362
2012-06-01,3.31
2012-06-04,3.304
2012-06-05,3.288
2012-06-06,3.379
2012-06-07,3.369
2012-06-08,3.284
2012-06-11,3.345
2012-06-12,3.334
2012-06-13,3.34
2012-06-14,3.354
2012-06-15,3.385
2012-06-18,3.396
2012-06-19,3.433
2012-06-20,3.386
2012-06-21,3.295
2012-06-22,3.305
2012-06-25,3.314
2012-06-26,3.316
2012-06-27,3.346
2012-06-28,3.326
2012-06-29,3.49
2012-07-02,3.465
2012-07-03,3.534
2012-07-05,3.488
2012-07-06,3.405
2012-07-09,3.426
2012-07-10,3.393
2012-07-11,3.443
2012-07-12,3.412
2012-07-13,3.501
2012-07-16,3.481
2012-07-17,3.453
2012-07-18,3.473
2012-07-19,3.534
2012-07-20,3.449
2012-07-23,3.381
2012-07-24,3.353
2012-07-25,3.375
2012-07-26,3.394
2012-07-27,3.426
2012-07-30,3.415
2012-07-31,3.42
2012-08-01,3.377
2012-08-02,3.292
2012-08-03,3.371
2012-08-06,3.393
2012-08-07,3.445
2012-08-08,3.428
2012-08-09,3.437
2012-08-10,3.409
2012-08-13,3.358
2012-08-14,3.36
2012-08-15,3.352
2012-08-16,3.386
2012-08-17,3.422
2012-08-20,3.373
2012-08-21,3.457
2012-08-22,3.46
2012-08-23,3.496
2012-08-24,3.488
2012-08-27,3.485
2012-08-28,3.47
2012-08-29,3.462
2012-08-30,3.441
2012-08-31,3.454
2012-09-04,3.469
2012-09-05,3.532
2012-09-06,3.523
2012-09-07,3.656
2012-09-10,3.7
2012-09-11,3.715
2012-09-12,3.71
2012-09-13,3.727
2012-09-14,3.852
2012-09-17,3.81
2012-09-18,3.803
2012-09-19,3.829
2012-09-20,3.772
2012-09-21,3.804
2012-09-24,3.745
2012-09-25,3.773
2012-09-26,3.714
2012-09-27,3.748
2012-09-28,3.773
2012-10-01,3.793
2012-10-02,3.807
2012-10-03,3.794
2012-10-04,3.794
2012-10-05,3.786
2012-10-08,3.727
2012-10-09,3.729
2012-10-10,3.729
2012-10-11,3.759
2012-10-12,3.715
2012-10-15,3.712
2012-10-16,3.708
2012-10-17,3.752
2012-10-18,3.747
2012-10-19,3.648
2012-10-22,3.626
2012-10-23,3.576
2012-10-24,3.576
2012-10-25,3.564
2012-10-26,3.563
2012-10-29,3.5
2012-10-30,3.506
2012-10-31,3.527
2012-11-01,3.555
2012-11-02,3.483
2012-11-05,3.47
2012-11-06,3.506
2012-11-07,3.443
2012-11-08,3.47
2012-11-09,3.45
2012-11-12,3.473
2012-11-13,3.473
2012-11-14,3.455
2012-11-15,3.465
2012-11-16,3.454
2012-11-19,3.527
2012-11-20,3.515
2012-11-21,3.496
2012-11-23,3.527
2012-11-26,3.536
2012-11-27,3.537
2012-11-28,3.522
2012-11-29,3.588
2012-11-30,3.63
2012-12-03,3.64
2012-12-04,3.634
2012-12-05,3.667
2012-12-06,3.627
2012-12-07,3.647
2012-12-10,3.691
2012-12-11,3.671
2012-12-12,3.7
2012-12-13,3.644
2012-12-14,3.665
2012-12-17,3.649
2012-12-18,3.636
2012-12-19,3.595
2012-12-20,3.525
2012-12-21,3.555
2012-12-24,3.534
2012-12-26,3.583
2012-12-27,3.59
2012-12-28,3.578
2012-12-31,3.641
2013-01-02,3.724
2013-01-03,3.701
2013-01-04,3.679
2013-01-06,3.679
2013-01-07,3.663
2013-01-08,3.657
2013-01-09,3.656
2013-01-10,3.695
2013-01-11,3.639
2013-01-13,3.639
2013-01-14,3.619
2013-01-15,3.623
2013-01-16,3.591
2013-01-17,3.647
2013-01-18,3.663
2013-01-20,3.663
2013-01-22,3.691
2013-01-23,3.671
2013-01-24,3.664
2013-01-25,3.639
2013-01-27,3.639
2013-01-28,3.649
2013-01-29,3.678
2013-01-30,3.74
2013-01-31,3.724
2013-02-01,3.776
2013-02-03,3.776
2013-02-04,3.759
2013-02-05,3.761
2013-02-06,3.733
2013-02-07,3.72
2013-02-08,3.753
2013-02-11,3.718
2013-02-12,3.736
2013-02-13,3.734
2013-02-14,3.73
2013-02-15,3.731
2013-02-19,3.644
2013-02-20,3.606
2013-02-21,3.55
2013-02-22,3.53
2013-02-25,3.541
2013-02-26,3.567
2013-02-27,3.545
2013-02-28,3.527
2013-03-01,3.482
2013-03-04,3.483
2013-03-05,3.497
2013-03-06,3.474
2013-03-07,3.502
2013-03-08,3.491
2013-03-11,3.5
2013-03-12,3.538
2013-03-13,3.51
2013-03-14,3.523
2013-03-15,3.508
2013-03-18,3.417
2013-03-19,3.396
2013-03-20,3.436
2013-03-21,3.423
2013-03-22,3.454
2013-03-25,3.435
2013-03-26,3.433
2013-03-27,3.435
2013-03-28,3.395
2013-04-01,3.368
2013-04-02,3.372
2013-04-03,3.325
2013-04-04,3.345
2013-04-05,3.34
2013-04-08,3.368
2013-04-09,3.438
2013-04-10,3.414
2013-04-11,3.428
2013-04-12,3.349
2013-04-15,3.28
2013-04-16,3.307
2013-04-17,3.188
2013-04-18,3.204
2013-04-19,3.151
2013-04-22,3.132
2013-04-23,3.094
2013-04-24,3.158
2013-04-25,3.238
2013-04-26,3.185
2013-04-29,3.225
2013-04-30,3.188
2013-05-01,3.083
2013-05-02,3.104
2013-05-03,3.313
2013-05-06,3.31
2013-05-07,3.3
2013-05-08,3.371
2013-05-09,3.341
2013-05-10,3.356
2013-05-13,3.362
2013-05-14,3.291
2013-05-15,3.267
2013-05-16,3.292
2013-05-17,3.321
2013-05-20,3.357
2013-05-21,3.339
2013-05-22,3.377
2013-05-23,3.3
2013-05-24,3.292
2013-05-28,3.312
2013-05-29,3.291
2013-05-30,3.311
2013-05-31,3.289
2013-06-03,3.327
2013-06-04,3.365
2013-06-05,3.367
2013-06-06,3.316
2013-06-07,3.266
2013-06-10,3.239
2013-06-11,3.193
2013-06-12,3.225
2013-06-13,3.185
2013-06-14,3.204
2013-06-17,3.202
2013-06-18,3.157
2013-06-19,3.143
2013-06-20,3.062
2013-06-21,3.096
2013-06-24,3.026
2013-06-25,3.071
2013-06-26,3.041
2013-06-27,3.053
2013-06-28,3.05
2013-07-01,3.155
2013-07-02,3.142
2013-07-03,3.174
2013-07-05,3.08
2013-07-08,3.111
2013-07-09,3.076
2013-07-10,3.101
2013-07-11,3.183
2013-07-12,3.171
2013-07-15,3.161
2013-07-16,3.2
2013-07-17,3.14
2013-07-18,3.143
2013-07-19,3.15
2013-07-22,3.189
2013-07-23,3.198
2013-07-24,3.182
2013-07-25,3.188
2013-07-26,3.109
2013-07-29,3.116
2013-07-30,3.041
2013-07-31,3.119
2013-08-01,3.164
2013-08-02,3.17
2013-08-05,3.167
2013-08-06,3.172
2013-08-07,3.178
2013-08-08,3.271
2013-08-09,3.308
2013-08-12,3.307
2013-08-13,3.318
2013-08-14,3.341
2013-08-15,3.338
2013-08-16,3.365
2013-08-19,3.337
2013-08-20,3.34
2013-08-21,3.312
2013-08-22,3.333
2013-08-23,3.352
2013-08-26,3.322
2013-08-27,3.333
2013-08-28,3.307
2013-08-29,3.244
2013-08-30,3.225
2013-09-03,3.296
2013-09-04,3.236
2013-09-05,3.241
2013-09-06,3.258
2013-09-09,3.276
2013-09-10,3.261
2013-09-11,3.256
2013-09-12,3.212
2013-09-13,3.207
2013-09-16,3.227
2013-09-17,3.228
2013-09-18,3.284
2013-09-19,3.35
2013-09-20,3.328
2013-09-23,3.308
2013-09-24,3.265
2013-09-25,3.28
2013-09-26,3.304
2013-09-27,3.325
2013-09-30,3.321
2013-10-01,3.272
2013-10-02,3.312
2013-10-03,3.262
2013-10-04,3.293
2013-10-07,3.289
2013-10-08,3.282
2013-10-09,3.221
2013-10-10,3.241
2013-10-11,3.265
2013-10-14,3.3
2013-10-15,3.304
2013-10-16,3.3
2013-10-17,3.289
2013-10-18,3.293
2013-10-21,3.296
2013-10-22,3.329
2013-10-23,3.267
2013-10-24,3.261
2013-10-25,3.265
2013-10-28,3.261
2013-10-29,3.276
2013-10-30,3.321
2013-10-31,3.295
2013-11-01,3.293
2013-11-04,3.248
2013-11-05,3.252
2013-11-06,3.235
2013-11-07,3.249
2013-11-08,3.253
2013-11-11,3.262
2013-11-12,3.236
2013-11-13,3.164
2013-11-14,3.161
2013-11-15,3.173
2013-11-18,3.154
2013-11-19,3.162
2013-11-20,3.162
2013-11-21,3.197
2013-11-22,3.227
2013-11-25,3.239
2013-11-26,3.229
2013-11-27,3.2
2013-11-29,3.231
2013-12-02,3.217
2013-12-03,3.201
2013-12-04,3.272
2013-12-05,3.261
2013-12-06,3.269
2013-12-09,3.296
2013-12-10,3.301
2013-12-11,3.332
2013-12-12,3.332
2013-12-13,3.352
2013-12-16,3.376
2013-12-17,3.367
2013-12-18,3.361
2013-12-19,3.341
2013-12-20,3.348
2013-12-23,3.35
2013-12-24,3.417
2013-12-26,3.45
2013-12-27,3.47
2013-12-30,3.421
2013-12-31,3.442
2014-01-02,3.432
2014-01-03,3.406
2014-01-06,3.412
2014-01-07,3.411
2014-01-08,3.393
2014-01-09,3.354
2014-01-10,3.387
2014-01-13,3.4
2014-01-14,3.388
2014-01-15,3.406
2014-01-16,3.391
2014-01-17,3.378
2014-01-21,3.392
2014-01-22,3.375
2014-01-23,3.322
2014-01-24,3.304
2014-01-27,3.294
2014-01-28,3.285
2014-01-29,3.268
2014-01-30,3.238
2014-01-31,3.22
2014-02-03,3.2
2014-02-04,3.217
2014-02-05,3.215
2014-02-06,3.259
2014-02-07,3.271
2014-02-10,3.272
2014-02-11,3.27
2014-02-12,3.316
2014-02-13,3.307
2014-02-14,3.321
2014-02-18,3.341
2014-02-19,3.336
2014-02-20,3.324
2014-02-21,3.336
2014-02-24,3.359
2014-02-25,3.338
2014-02-26,3.269
2014-02-27,3.236
2014-02-28,3.239
2014-03-03,3.22
2014-03-04,3.261
2014-03-05,3.253
2014-03-06,3.276
2014-03-07,3.156
2014-03-10,3.111
2014-03-11,3.031
2014-03-12,3.026
2014-03-13,2.99
2014-03-14,3.013
2014-03-17,3.002
2014-03-18,2.994
2014-03-19,3.028
2014-03-20,2.976
2014-03-21,2.994
2014-03-24,2.99
2014-03-25,3.046
2014-03-26,3.01
2014-03-27,3.037
2014-03-28,3.059
2014-03-31,3.046
2014-04-01,3.055
2014-04-02,3.065
2014-04-03,3.047
2014-04-04,3.043
2014-04-07,3.063
2014-04-08,3.076
2014-04-09,3.066
2014-04-10,3.068
2014-04-11,3.066
2014-04-14,3.067
2014-04-15,3.017
2014-04-16,3.05
2014-04-17,3.07
2014-04-21,3.068
2014-04-22,3.079
2014-04-23,3.082
2014-04-24,3.136
2014-04-25,3.127
2014-04-28,3.108
2014-04-29,3.072
2014-04-30,3.03
2014-05-01,3.029
2014-05-02,3.082
2014-05-05,3.071
2014-05-06,3.075
2014-05-07,3.05
2014-05-08,3.083
2014-05-09,3.1
2014-05-12,3.167
2014-05-13,3.15
2014-05-14,3.174
2014-05-15,3.162
2014-05-16,3.161
2014-05-19,3.179
2014-05-20,3.156
2014-05-21,3.131
2014-05-22,3.152
2014-05-23,3.18
2014-05-27,3.193
2014-05-28,3.188
2014-05-29,3.154
2014-05-30,3.136
2014-06-02,3.179
2014-06-03,3.146
2014-06-04,3.094
2014-06-05,3.091
2014-06-06,3.053
2014-06-09,3.046
2014-06-10,3.055
2014-06-11,3.042
2014-06-12,3.017
2014-06-13,3.03
2014-06-16,3.047
2014-06-17,3.058
2014-06-18,3.055
2014-06-19,3.075
2014-06-20,3.118
2014-06-23,3.146
2014-06-24,3.147
2014-06-25,3.16
2014-06-26,3.161
2014-06-27,3.149
2014-06-30,3.188
2014-07-01,3.191
2014-07-02,3.252
2014-07-03,3.265
2014-07-07,3.248
2014-07-08,3.243
2014-07-09,3.236
2014-07-10,3.256
2014-07-11,3.259
2014-07-14,3.239
2014-07-15,3.239
2014-07-16,3.205
2014-07-17,3.209
2014-07-18,3.174
2014-07-21,3.187
2014-07-22,3.196
2014-07-23,3.195
2014-07-24,3.254
2014-07-25,3.227
2014-07-28,3.231
2014-07-29,3.209
2014-07-30,3.232
2014-07-31,3.223
2014-08-01,3.207
2014-08-04,3.236
2014-08-05,3.199
2014-08-06,3.163
2014-08-07,3.171
2014-08-08,3.166
2014-08-11,3.167
2014-08-12,3.149
2014-08-13,3.106
2014-08-14,3.086
2014-08-15,3.097
2014-08-18,3.103
2014-08-19,3.086
2014-08-20,3.174
2014-08-21,3.172
2014-08-22,3.199
2014-08-25,3.213
2014-08-26,3.182
2014-08-27,3.175
2014-08-28,3.127
2014-08-29,3.135
2014-09-02,3.135
2014-09-03,3.111
2014-09-04,3.139
2014-09-05,3.158
2014-09-08,3.158
2014-09-09,3.095
2014-09-10,3.104
2014-09-11,3.087
2014-09-12,3.102
2014-09-15,3.081
2014-09-16,3.16
2014-09-17,3.142
2014-09-18,3.092
2014-09-19,3.088
2014-09-22,3.038
2014-09-23,3.034
2014-09-24,3.059
2014-09-25,3.06
2014-09-26,3.029
2014-09-29,3.053
2014-09-30,3.006
2014-10-01,3.034
2014-10-02,2.997
2014-10-03,2.994
2014-10-06,3.03
2014-10-07,3.034
2014-10-08,3.0
2014-10-09,3.028
2014-10-10,3.032
2014-10-13,3.037
2014-10-14,3.085
2014-10-15,3.005
2014-10-16,2.978
2014-10-17,3.001
2014-10-20,2.99
2014-10-21,3.031
2014-10-22,3.022
2014-10-23,3.05
2014-10-24,3.051
2014-10-27,3.078
2014-10-28,3.108
2014-10-29,3.112
2014-10-30,3.072
2014-10-31,3.061
2014-11-03,3.079
2014-11-04,3.034
2014-11-05,3.022
2014-11-06,3.03
2014-11-07,3.053
2014-11-10,3.027
2014-11-11,3.042
2014-11-12,3.034
2014-11-13,2.999
2014-11-14,3.058
2014-11-17,3.05
2014-11-18,3.011
2014-11-19,3.047
2014-11-20,3.027
2014-11-21,3.035
2014-11-24,3.004
2014-11-25,2.961
2014-11-26,2.96
2014-11-28,2.86
2014-12-01,2.93
2014-12-02,2.913
2014-12-03,2.893
2014-12-04,2.933
2014-12-05,2.925
2014-12-08,2.91
2014-12-09,2.946
2014-12-10,2.914
2014-12-11,2.941
2014-12-12,2.946
2014-12-15,2.898
2014-12-16,2.877
2014-12-17,2.888
2014-12-18,2.873
2014-12-19,2.908
2014-12-22,2.904
2014-12-23,2.902
2014-12-24,2.874
2014-12-26,2.836
2014-12-29,2.838
2014-12-30,2.869
2014-12-31,2.838
2015-01-02,2.838
2015-01-05,2.793
2015-01-06,2.804
2015-01-07,2.796
2015-01-08,2.807
2015-01-09,2.791
2015-01-12,2.763
2015-01-13,2.679
2015-01-14,2.553
2015-01-15,2.611
2015-01-16,2.654
2015-01-20,2.615
2015-01-21,2.615
2015-01-22,2.6
2015-01-23,2.538
2015-01-26,2.574
2015-01-27,2.514
2015-01-28,2.522
2015-01-29,2.47
2015-01-30,2.528
2015-02-02,2.511
2015-02-03,2.6
2015-02-04,2.612
2015-02-05,2.612
2015-02-06,2.603
2015-02-09,2.599
2015-02-10,2.562
2015-02-11,2.553
2015-02-12,2.609
2015-02-13,2.614
2015-02-17,2.595
2015-02-18,2.639
2015-02-19,2.642
2015-02-20,2.611
2015-02-23,2.639
2015-02-24,2.712
2015-02-25,2.708
2015-02-26,2.714
2015-02-27,2.716
2015-03-02,2.711
2015-03-03,2.674
2015-03-04,2.677
2015-03-05,2.672
2015-03-06,2.629
2015-03-09,2.687
2015-03-10,2.635
2015-03-11,2.623
2015-03-12,2.675
2015-03-13,2.679
2015-03-16,2.678
2015-03-17,2.642
2015-03-18,2.587
2015-03-19,2.675
2015-03-20,2.775
2015-03-23,2.808
2015-03-24,2.815
2015-03-25,2.805
2015-03-26,2.821
2015-03-27,2.775
2015-03-30,2.788
2015-03-31,2.6255
2015-04-01,2.634
2015-04-02,2.6195
2015-04-03,2.6195
2015-04-06,2.6035
2015-04-07,2.649
2015-04-08,2.623
2015-04-09,2.6205
2015-04-10,2.625
2015-04-13,2.6075
2015-04-14,2.5855
2015-04-15,2.603
2015-04-16,2.666
2015-04-17,2.6695
2015-04-20,2.6345
2015-04-21,2.627
2015-04-22,2.603
2015-04-23,2.6205
2015-04-24,2.6665
2015-04-27,2.687
2015-04-28,2.694
2015-04-29,2.702
2015-04-30,2.7845
2015-05-01,2.822
2015-05-04,2.8175
2015-05-05,2.834
2015-05-06,2.826
2015-05-07,2.815
2015-05-08,2.813
2015-05-11,2.802
2015-05-12,2.8265
2015-05-13,2.824
2015-05-14,2.82
2015-05-15,2.821
2015-05-18,2.809
2015-05-19,2.746
2015-05-20,2.735
2015-05-21,2.755
2015-05-22,2.7225
2015-05-26,2.697
2015-05-27,2.6895
2015-05-28,2.6855
2015-05-29,2.651
2015-06-01,2.6385
2015-06-02,2.655
2015-06-03,2.646
2015-06-04,2.613
2015-06-05,2.6195
2015-06-08,2.6195
2015-06-09,2.6325
2015-06-10,2.6685
2015-06-11,2.5985
2015-06-12,2.6065
2015-06-15,2.579
2015-06-16,2.5495
2015-06-17,2.533
2015-06-18,2.537
2015-06-19,2.501
2015-06-22,2.5005
2015-06-23,2.543
2015-06-24,2.5485
2015-06-25,2.5445
2015-06-26,2.5615
2015-06-29,2.559
2015-06-30,2.542
2015-07-01,2.556
2015-07-02,2.5545
2015-07-06,2.471
2015-07-07,2.3805
2015-07-08,2.4325
2015-07-09,2.484
2015-07-10,2.47
2015-07-13,2.4715
2015-07-14,2.4695
2015-07-15,2.457
2015-07-16,2.461
2015-07-17,2.4325
2015-07-20,2.422
2015-07-21,2.415
2015-07-22,2.3785
2015-07-23,2.343
2015-07-24,2.343
2015-07-27,2.313
2015-07-28,2.357
2015-07-29,2.367
2015-07-30,2.359
2015-07-31,2.363
2015-08-03,2.35
2015-08-04,2.3625
2015-08-05,2.3605
2015-08-06,2.35
2015-08-07,2.345
2015-08-10,2.407
2015-08-11,2.3625
2015-08-12,2.3765
2015-08-13,2.388
2015-08-14,2.3855
2015-08-17,2.354
2015-08-18,2.317
2015-08-19,2.3225
2015-08-20,2.367
2015-08-21,2.347
2015-08-24,2.2915
2015-08-25,2.3385
2015-08-26,2.276
2015-08-27,2.363
2015-08-28,2.384
2015-08-31,2.377
2015-09-01,2.3435
2015-09-02,2.3675
2015-09-03,2.419
2015-09-04,2.351
2015-09-08,2.4605
2015-09-09,2.4555
2015-09-10,2.4645
2015-09-11,2.4645
2015-09-14,2.419
2015-09-15,2.4385
2015-09-16,2.4615
2015-09-17,2.462
2015-09-18,2.4035
2015-09-21,2.414
2015-09-22,2.3245
2015-09-23,2.328
2015-09-24,2.338
2015-09-25,2.316
2015-09-28,2.2865
2015-09-29,2.284
2015-09-30,2.3675
2015-10-01,2.3345
2015-10-02,2.355
2015-10-05,2.3835
2015-10-06,2.383
2015-10-07,2.3905
2015-10-08,2.3665
2015-10-09,2.431
2015-10-12,2.4365
2015-10-13,2.4065
2015-10-14,2.428
2015-10-15,2.436
2015-10-16,2.4195
2015-10-19,2.3895
2015-10-20,2.386
2015-10-21,2.3795
2015-10-22,2.3995
2015-10-23,2.3715
2015-10-26,2.3745
2015-10-27,2.384
2015-10-28,2.3875
2015-10-29,2.3575
2015-10-30,2.3475
2015-11-02,2.3505
2015-11-03,2.3605
2015-11-04,2.354
2015-11-05,2.2955
2015-11-06,2.29
2015-11-09,2.277
2015-11-10,2.258
2015-11-11,2.261
2015-11-12,2.2225
2015-11-13,2.216
2015-11-16,2.1715
2015-11-17,2.156
2015-11-18,2.1265
2015-11-19,2.128
2015-11-20,2.1005
2015-11-23,2.0675
2015-11-24,2.1175
2015-11-25,2.096
2015-11-27,2.105
2015-11-30,2.096
2015-12-01,2.119
2015-12-02,2.081
2015-12-03,2.108
2015-12-04,2.127
2015-12-07,2.0965
2015-12-08,2.0965
2015-12-09,2.1055
2015-12-10,2.1125
2015-12-11,2.1565
2015-12-14,2.154
2015-12-15,2.104
2015-12-16,2.117
2015-12-17,2.09
2015-12-18,2.1555
2015-12-21,2.1835
2015-12-22,2.153
2015-12-23,2.1675
2015-12-24,2.165
2015-12-28,2.1215
2015-12-29,2.176
2015-12-30,2.1875
2015-12-31,2.178
2016-01-04,2.125
2016-01-05,2.142
2016-01-06,2.1265
2016-01-07,2.064
2016-01-08,2.068
2016-01-11,2.0225
2016-01-12,2.0105
2016-01-13,2.0055
2016-01-14,2.0215
2016-01-15,1.994
2016-01-19,2.0265
2016-01-20,2.0075
2016-01-21,2.0415
2016-01-22,2.043
2016-01-25,2.0425
2016-01-26,2.075
2016-01-27,2.1
2016-01-28,2.0845
2016-01-29,2.102
2016-02-01,2.0925
2016-02-02,2.094
2016-02-03,2.1315
2016-02-04,2.158
2016-02-05,2.128
2016-02-08,2.1105
2016-02-09,2.0645
2016-02-10,2.051
2016-02-11,2.0325
2016-02-12,2.0525
2016-02-16,2.0845
2016-02-17,2.1105
2016-02-18,2.106
2016-02-19,2.111
2016-02-22,2.144
2016-02-23,2.134
2016-02-24,2.127
2016-02-25,2.0985
2016-02-26,2.1515
2016-02-29,2.1595
2016-03-01,2.171
2016-03-02,2.201
2016-03-03,2.2185
2016-03-04,2.281
2016-03-07,2.2985
2016-03-08,2.24
2016-03-09,2.25
2016-03-10,2.239
2016-03-11,2.252
2016-03-14,2.254
2016-03-15,2.253
2016-03-16,2.257
2016-03-17,2.3145
2016-03-18,2.304
2016-03-21,2.3155
2016-03-22,2.3125
2016-03-23,2.263
2016-03-24,2.255
2016-03-28,2.273
2016-03-29,2.249
2016-03-30,2.2295
2016-03-31,2.22
2016-04-01,2.2025
2016-04-04,2.185
2016-04-05,2.186
2016-04-06,2.193
2016-04-07,2.131
2016-04-08,2.136
2016-04-11,2.137
2016-04-12,2.19
2016-04-13,2.2165
2016-04-14,2.22
2016-04-15,2.2005
2016-04-18,2.212
2016-04-19,2.2695
2016-04-20,2.282
2016-04-21,2.291
2016-04-22,2.3025
2016-04-25,2.2935
2016-04-26,2.284
2016-04-27,2.262
2016-04-28,2.2695
2016-04-29,2.317
2016-05-02,2.3015
2016-05-03,2.257
2016-05-04,2.226
2016-05-05,2.194
2016-05-06,2.195
2016-05-09,2.1545
2016-05-10,2.144
2016-05-11,2.1545
2016-05-12,2.123
2016-05-13,2.122
2016-05-16,2.136
2016-05-17,2.1355
2016-05-18,2.1215
2016-05-19,2.106
2016-05-20,2.103
2016-05-23,2.102
2016-05-24,2.1135
2016-05-25,2.1495
2016-05-26,2.1525
2016-05-27,2.1635
2016-05-31,2.147
2016-06-01,2.1245
2016-06-02,2.12
2016-06-03,2.16
2016-06-06,2.168
2016-06-07,2.1065
2016-06-08,2.1165
2016-06-09,2.096
2016-06-10,2.086
2016-06-13,2.108
2016-06-14,2.094
2016-06-15,2.1415
2016-06-16,2.101
2016-06-17,2.104
2016-06-20,2.1405
2016-06-21,2.1615
2016-06-22,2.1785
2016-06-23,2.2095
2016-06-24,2.162
2016-06-27,2.178
2016-06-28,2.226
2016-06-29,2.2345
2016-06-30,2.2435
2016-07-01,2.262
2016-07-05,2.232
2016-07-06,2.204
2016-07-07,2.174
2016-07-08,2.171
2016-07-11,2.201
2016-07-12,2.265
2016-07-13,2.2855
2016-07-14,2.2875
2016-07-15,2.274
2016-07-18,2.279
2016-07-19,2.3025
2016-07-20,2.2975
2016-07-21,2.2985
2016-07-22,2.277
2016-07-25,2.2635
2016-07-26,2.2775
2016-07-27,2.2365
2016-07-28,2.2585
2016-07-29,2.2735
2016-08-01,2.255
2016-08-02,2.264
2016-08-03,2.2545
2016-08-04,2.2345
2016-08-05,2.2155
2016-08-08,2.2245
2016-08-09,2.21
2016-08-10,2.225
2016-08-11,2.244
2016-08-12,2.199
2016-08-15,2.2095
2016-08-16,2.2285
2016-08-17,2.2105
2016-08-18,2.2255
2016-08-19,2.224
2016-08-22,2.201
2016-08-23,2.175
2016-08-24,2.136
2016-08-25,2.1335
2016-08-26,2.1355
2016-08-29,2.1305
2016-08-30,2.13
2016-08-31,2.1295
2016-09-01,2.1285
2016-09-02,2.13
2016-09-06,2.1395
2016-09-07,2.1475
2016-09-08,2.149
2016-09-09,2.1415
2016-09-12,2.149
2016-09-13,2.148
2016-09-14,2.2015
2016-09-15,2.2075
2016-09-16,2.2085
2016-09-19,2.2065
2016-09-20,2.217
2016-09-21,2.2075
2016-09-22,2.244
2016-09-23,2.2535
2016-09-26,2.2515
2016-09-27,2.224
2016-09-28,2.239
2016-09-29,2.2435
2016-09-30,2.2605
2016-10-03,2.2445
2016-10-04,2.221
2016-10-05,2.2185
2016-10-06,2.209
2016-10-07,2.2175
2016-10-10,2.2525
2016-10-11,2.2405
2016-10-12,2.231
2016-10-13,2.1775
2016-10-14,2.1655
2016-10-17,2.16
2016-10-18,2.1615
2016-10-19,2.16
2016-10-20,2.152
2016-10-21,2.1465
2016-10-24,2.148
2016-10-25,2.1915
2016-10-26,2.199
2016-10-27,2.218
2016-10-28,2.244
2016-10-31,2.254
2016-11-01,2.279
2016-11-02,2.281
2016-11-03,2.2955
2016-11-04,2.311
2016-11-07,2.358
2016-11-08,2.43
2016-11-09,2.5075
2016-11-10,2.5965
2016-11-11,2.554
2016-11-14,2.561
2016-11-15,2.545
2016-11-16,2.512
2016-11-17,2.5355
2016-11-18,2.5115
2016-11-21,2.5635
2016-11-22,2.5905
2016-11-23,2.641
2016-11-25,2.7015
2016-11-28,2.688
2016-11-29,2.628
2016-11-30,2.644
2016-12-01,2.652
2016-12-02,2.6295
2016-12-05,2.7
2016-12-06,2.687
2016-12-07,2.655
2016-12-08,2.636
2016-12-09,2.6575
2016-12-12,2.635
2016-12-13,2.6155
2016-12-14,2.6175
2016-12-15,2.609
2016-12-16,2.579
2016-12-19,2.518
2016-12-20,2.5225
2016-12-21,2.516
2016-12-22,2.52
2016-12-23,2.5
2016-12-27,2.537
2016-12-28,2.5215
2016-12-29,2.5105
2016-12-30,2.53
2017-01-03,2.515
2017-01-04,2.581
2017-01-05,2.567
2017-01-06,2.5785
2017-01-09,2.5725
2017-01-10,2.644
2017-01-11,2.6475
2017-01-12,2.713
2017-01-13,2.7275
2017-01-17,2.6635
2017-01-18,2.662
2017-01-19,2.655
2017-01-20,2.667
2017-01-23,2.6915
2017-01-24,2.7495
2017-01-25,2.75
2017-01-26,2.7135
2017-01-27,2.731
2017-01-30,2.701
2017-01-31,2.7745
2017-02-01,2.763
2017-02-02,2.7435
2017-02-03,2.677
2017-02-06,2.7195
2017-02-07,2.7045
2017-02-08,2.737
2017-02-09,2.723
2017-02-10,2.8325
2017-02-13,2.849
2017-02-14,2.82
2017-02-15,2.8305
2017-02-16,2.806
2017-02-17,2.783
2017-02-21,2.8215
2017-02-22,2.8085
2017-02-23,2.7215
2017-02-24,2.76
2017-02-27,2.7595
2017-02-28,2.776
2017-03-01,2.7975
2017-03-02,2.756
2017-03-03,2.763
2017-03-06,2.723
2017-03-07,2.6935
2017-03-08,2.6765
2017-03-09,2.6605
2017-03-10,2.6745
2017-03-13,2.701
2017-03-14,2.7125
2017-03-15,2.7345
2017-03-16,2.755
2017-03-17,2.769
2017-03-20,2.75
2017-03-21,2.707
2017-03-22,2.7185
2017-03-23,2.7315
2017-03-24,2.719
2017-03-27,2.7215
2017-03-28,2.7625
2017-03-29,2.7635
2017-03-30,2.7565
2017-03-31,2.742
2017-04-03,2.6995
2017-04-04,2.71
2017-04-05,2.777
2017-04-06,2.7595
2017-04-07,2.7475
2017-04-10,2.7015
2017-04-11,2.705
2017-04-12,2.649
2017-04-13,2.674
2017-04-17,2.697
2017-04-18,2.628
2017-04-19,2.6385
2017-04-20,2.6475
2017-04-21,2.644
2017-04-24,2.6585
2017-04-25,2.6805
2017-04-26,2.68
2017-04-27,2.6725
2017-04-28,2.681
2017-05-01,2.736
2017-05-02,2.7145
2017-05-03,2.6275
2017-05-04,2.597
2017-05-05,2.611
2017-05-08,2.5735
2017-05-09,2.577
2017-05-10,2.5725
2017-05-11,2.5865
2017-05-12,2.6035
2017-05-15,2.618
2017-05-16,2.6275
2017-05-17,2.6245
2017-05-18,2.6095
2017-05-19,2.6535
2017-05-22,2.667
2017-05-23,2.671
2017-05-24,2.6595
2017-05-25,2.671
2017-05-26,2.6435
2017-05-30,2.643
2017-05-31,2.6575
2017-06-01,2.66
2017-06-02,2.6505
2017-06-05,2.6355
2017-06-06,2.6245
2017-06-07,2.6285
2017-06-08,2.6795
2017-06-09,2.717
2017-06-12,2.688
2017-06-13,2.6695
2017-06-14,2.649
2017-06-15,2.6425
2017-06-16,2.6385
2017-06-19,2.666
2017-06-20,2.636
2017-06-21,2.679
2017-06-22,2.6745
2017-06-23,2.697
2017-06-26,2.7025
2017-06-27,2.7255
2017-06-28,2.74
2017-06-29,2.759
2017-06-30,2.769
2017-07-03,2.7535
2017-07-05,2.727
2017-07-06,2.7285
2017-07-07,2.714
2017-07-10,2.7225
2017-07-11,2.7475
2017-07-12,2.756
2017-07-13,2.737
2017-07-14,2.7665
2017-07-17,2.799
2017-07-18,2.8075
2017-07-19,2.7915
2017-07-20,2.8
2017-07-21,2.8085
2017-07-24,2.822
2017-07-25,2.926
2017-07-26,2.955
2017-07-27,2.962
2017-07-28,2.961
2017-07-31,2.9775
2017-08-01,2.9645
2017-08-02,2.9625
2017-08-03,2.9585
2017-08-04,2.9665
2017-08-07,2.9925
2017-08-08,3.023
2017-08-09,3.009
2017-08-10,2.9885
2017-08-11,2.995
2017-08-14,2.9935
2017-08-15,2.973
2017-08-16,3.041
2017-08-17,3.0285
2017-08-18,3.0285
2017-08-21,3.0675
2017-08-22,3.0725
2017-08-23,3.0695
2017-08-24,3.124
2017-08-25,3.1225
2017-08-28,3.1525
2017-08-29,3.1685
2017-08-30,3.154
2017-08-31,3.165
2017-09-01,3.1895
2017-09-05,3.196
2017-09-06,3.223
2017-09-07,3.217
2017-09-08,3.116
2017-09-11,3.141
2017-09-12,3.115
2017-09-13,3.0605
2017-09-14,3.037
2017-09-15,3.0305
2017-09-18,3.0535
2017-09-19,3.05
2017-09-20,3.0485
2017-09-21,3.0165
2017-09-22,3.0255
2017-09-25,3.0215
2017-09-26,3.008
2017-09-27,3.015
2017-09-28,3.0655
2017-09-29,3.039
2017-10-02,3.0365
2017-10-03,3.047
2017-10-04,3.0415
2017-10-05,3.127
2017-10-06,3.115
2017-10-09,3.1185
2017-10-10,3.1495
2017-10-11,3.179
2017-10-12,3.2035
2017-10-13,3.214
2017-10-16,3.317
2017-10-17,3.276
2017-10-18,3.2605
2017-10-19,3.2475
2017-10-20,3.244
2017-10-23,3.276
2017-10-24,3.285
2017-10-25,3.262
2017-10-26,3.263
2017-10-27,3.1895
2017-10-30,3.1985
2017-10-31,3.1805
2017-11-01,3.2295
2017-11-02,3.2245
2017-11-03,3.2
2017-11-06,3.243
2017-11-07,3.175
2017-11-08,3.183
2017-11-09,3.169
2017-11-10,3.1605
2017-11-13,3.199
2017-11-14,3.152
2017-11-15,3.1405
2017-11-16,3.1335
2017-11-17,3.1515
2017-11-20,3.169
2017-11-21,3.208
2017-11-22,3.218
2017-11-24,3.2485
2017-11-27,3.2155
2017-11-28,3.1615
2017-11-29,3.1335
2017-11-30,3.1305
2017-12-01,3.1575
2017-12-04,3.1565
2017-12-05,3.0165
2017-12-06,3.038
2017-12-07,3.042
2017-12-08,3.056
2017-12-11,3.0895
2017-12-12,3.102
2017-12-13,3.131
2017-12-14,3.15
2017-12-15,3.212
2017-12-18,3.2255
2017-12-19,3.2255
2017-12-20,3.274
2017-12-21,3.301
2017-12-22,3.3165
2017-12-26,3.3585
2017-12-27,3.3665
2017-12-28,3.3895
2017-12-29,3.386
2018-01-02,3.365
2018-01-03,3.352
2018-01-04,3.3585
2018-01-05,3.3295
2018-01-08,3.3245
2018-01-09,3.3175
2018-01-10,3.336
2018-01-11,3.3385
2018-01-12,3.327
2018-01-16,3.3305
2018-01-17,3.301
2018-01-18,3.3115
2018-01-19,3.303
2018-01-22,3.3135
2018-01-23,3.2345
2018-01-24,3.349
2018-01-25,3.3345
2018-01-26,3.317
2018-01-29,3.3085
2018-01-30,3.3065
2018-01-31,3.3085
2018-02-01,3.327
2018-02-02,3.307
2018-02-05,3.34
2018-02-06,3.31
2018-02-07,3.2095
2018-02-08,3.202
2018-02-09,3.156
2018-02-12,3.2065
2018-02-13,3.2785
2018-02-14,3.3505
2018-02-15,3.3605
2018-02-16,3.366
2018-02-20,3.318
2018-02-21,3.341
2018-02-22,3.366
2018-02-23,3.342
2018-02-26,3.3355
2018-02-27,3.3055
2018-02-28,3.2495
2018-03-01,3.2375
2018-03-02,3.2385
2018-03-05,3.2405
2018-03-06,3.2725
2018-03-07,3.2565
2018-03-08,3.205
2018-03-09,3.2585
2018-03-12,3.2465
2018-03-13,3.2615
2018-03-14,3.2795
2018-03-15,3.2505
2018-03-16,3.2315
2018-03-19,3.207
2018-03-20,3.1635
2018-03-21,3.1795
2018-03-22,3.1475
2018-03-23,3.1225
2018-03-26,3.0995
2018-03-27,3.1305
2018-03-28,3.1325
2018-03-29,3.1555
2018-04-02,3.1815
2018-04-03,3.1965
2018-04-04,3.1475
2018-04-05,3.2115
2018-04-06,3.199
2018-04-09,3.2155
2018-04-10,3.2735
2018-04-11,3.2525
2018-04-12,3.208
2018-04-13,3.2165
2018-04-16,3.2415
2018-04-17,3.2305
2018-04-18,3.304
2018-04-19,3.281
2018-04-20,3.284
2018-04-23,3.263
2018-04-24,3.2935
2018-04-25,3.28
2018-04-26,3.2665
2018-04-27,3.2035
2018-04-30,3.2035
2018-05-01,3.1695
2018-05-02,3.1965
2018-05-03,3.2125
2018-05-04,3.2185
2018-05-07,3.219
2018-05-08,3.2005
2018-05-09,3.2005
2018-05-10,3.2425
2018-05-11,3.245
2018-05-14,3.223
2018-05-15,3.1875
2018-05-16,3.196
2018-05-17,3.2185
2018-05-18,3.1945
2018-05-21,3.2305
2018-05-22,3.2575
2018-05-23,3.198
2018-05-24,3.2225
2018-05-25,3.2085
2018-05-29,3.193
2018-05-30,3.1965
2018-05-31,3.1965
2018-06-01,3.2325
2018-06-04,3.261
2018-06-05,3.326
2018-06-06,3.385
2018-06-07,3.391
2018-06-08,3.418
2018-06-11,3.375
2018-06-12,3.3755
2018-06-13,3.38
2018-06-14,3.3485
2018-06-15,3.276
2018-06-18,3.2415
2018-06-19,3.1855
2018-06-20,3.175
2018-06-21,3.1505
2018-06-22,3.157
2018-06-25,3.127
2018-06-26,3.1295
2018-06-27,3.122
2018-06-28,3.081
2018-06-29,3.0765
2018-07-02,3.057
2018-07-03,3.034
2018-07-05,2.945
2018-07-06,2.946
2018-07-09,2.9705
2018-07-10,2.9665
2018-07-11,2.8735
2018-07-12,2.9095
2018-07-13,2.91
2018-07-16,2.892
2018-07-17,2.8795
2018-07-18,2.887
2018-07-19,2.8215
2018-07-20,2.8785
2018-07-23,2.8665
2018-07-24,2.931
2018-07-25,2.9415
2018-07-26,2.94
2018-07-27,2.927
2018-07-30,2.924
2018-07-31,2.9585
2018-08-01,2.884
2018-08-02,2.8775
2018-08-03,2.904
2018-08-06,2.872
2018-08-07,2.8905
2018-08-08,2.885
2018-08-09,2.901
2018-08-10,2.8775
2018-08-13,2.866
2018-08-14,2.8205
2018-08-15,2.7
2018-08-16,2.746
2018-08-17,2.7605
2018-08-20,2.799
2018-08-21,2.8205
2018-08-22,2.8095
2018-08-23,2.795
2018-08-24,2.835
2018-08-27,2.8435
2018-08-28,2.8655
2018-08-29,2.8505
2018-08-30,2.8265
2018-08-31,2.782
2018-09-04,2.72
2018-09-05,2.7225
2018-09-06,2.7515
2018-09-07,2.7325
2018-09-10,2.737
2018-09-11,2.7225
2018-09-12,2.777
2018-09-13,2.787
2018-09-14,2.751
2018-09-17,2.7575
2018-09-18,2.8215
2018-09-19,2.821
2018-09-20,2.8245
2018-09-21,2.9315
2018-09-24,2.917
2018-09-25,2.896
2018-09-26,2.9095
2018-09-27,2.8645
2018-09-28,2.8825
2018-10-01,2.872
2018-10-02,2.884
2018-10-03,2.9195
2018-10-04,2.8635
2018-10-05,2.855
2018-10-08,2.858
2018-10-09,2.8895
2018-10-10,2.857
2018-10-11,2.88
2018-10-12,2.8765
2018-10-15,2.8705
2018-10-16,2.8715
2018-10-17,2.8675
2018-10-18,2.8445
2018-10-19,2.8715
2018-10-22,2.8785
2018-10-23,2.86
2018-10-24,2.858
2018-10-25,2.853
2018-10-26,2.832
2018-10-29,2.8365
2018-10-30,2.76
2018-10-31,2.7535
2018-11-01,2.8135
2018-11-02,2.893
2018-11-05,2.8475
2018-11-06,2.824
2018-11-07,2.845
2018-11-08,2.829
2018-11-09,2.7685
2018-11-12,2.7625
2018-11-13,2.7795
2018-11-14,2.7945
2018-11-15,2.8205
2018-11-16,2.839
2018-11-19,2.8075
2018-11-20,2.795
2018-11-21,2.8195
2018-11-22,2.798
2018-11-23,2.815
2018-11-26,2.808
2018-11-27,2.7675
2018-11-28,2.8455
2018-11-29,2.8295
2018-11-30,2.822
2018-12-03,2.85
2018-12-04,2.8205
2018-12-05,2.8285
2018-12-06,2.7975
2018-12-07,2.8045
2018-12-10,2.7695
2018-12-11,2.7965
2018-12-12,2.7875
2018-12-13,2.786
2018-12-14,2.7935
2018-12-17,2.7925
2018-12-18,2.7
2018-12-19,2.746
2018-12-20,2.734
2018-12-21,2.707
2018-12-24,2.7
2018-12-25,2.661
2018-12-26,2.741
2018-12-27,2.726
2018-12-28,2.7165
2018-12-31,2.6775
2019-01-01,2.652
2019-01-02,2.681
2019-01-03,2.639
2019-01-04,2.711
2019-01-07,2.6995
2019-01-08,2.7245
2019-01-09,2.727
2019-01-10,2.7085
2019-01-11,2.734
2019-01-14,2.7065
2019-01-15,2.6935
2019-01-16,2.722
2019-01-17,2.7365
2019-01-18,2.766
2019-01-20,2.709
2019-01-21,2.682
2019-01-22,2.7225
2019-01-23,2.7225
2019-01-24,2.7125
2019-01-25,2.783
2019-01-28,2.741
2019-01-29,2.783
2019-01-30,2.8225
2019-01-31,2.837
2019-02-01,2.827
2019-02-04,2.8435
2019-02-05,2.8655
2019-02-06,2.879
2019-02-07,2.879
2019-02-08,2.864
2019-02-11,2.835
2019-02-12,2.817
2019-02-13,2.8135
2019-02-14,2.821
2019-02-15,2.844
2019-02-17,2.816
2019-02-18,2.838
2019-02-19,2.911
2019-02-20,2.945
2019-02-21,2.933
2019-02-22,2.974
2019-02-25,2.9745
2019-02-26,2.982
2019-02-27,2.9945
2019-02-28,2.9835
2019-03-01,2.9665
2019-03-04,2.947
2019-03-05,2.9685
2019-03-06,2.9585
2019-03-07,2.953
2019-03-08,2.9325
2019-03-11,2.938
2019-03-12,2.9655
2019-03-13,2.971
2019-03-14,2.9305
2019-03-15,2.951
2019-03-18,2.955
2019-03-19,2.969
2019-03-20,2.972
2019-03-21,2.958
2019-03-22,2.8995
2019-03-25,2.9135
2019-03-26,2.9035
2019-03-27,2.9125
2019-03-28,2.922
2019-03-29,2.9805
2019-04-01,2.9715
2019-04-02,2.9585
2019-04-03,2.997
2019-04-04,2.962
2019-04-05,2.951
2019-04-08,2.993
2019-04-09,2.9995
2019-04-10,2.9975
2019-04-11,2.961
2019-04-12,3.011
2019-04-15,3.007
2019-04-16,3.003
2019-04-17,3.032
2019-04-18,2.988
2019-04-19,2.918
2019-04-22,2.9715
2019-04-23,2.966
2019-04-24,2.979
2019-04-25,2.9345
2019-04-26,2.963
2019-04-29,2.9705
2019-04-30,2.978
2019-05-01,2.884
2019-05-02,2.8555
2019-05-03,2.8905
2019-05-06,2.908
2019-05-07,2.866
2019-05-08,2.8475
2019-05-09,2.84
2019-05-10,2.8435
2019-05-13,2.79
2019-05-14,2.7965
2019-05-15,2.8045
2019-05-16,2.8145
2019-05-17,2.806
2019-05-20,2.7915
2019-05-21,2.7875
2019-05-22,2.7585
2019-05-23,2.7565
2019-05-24,2.773
2019-05-26,2.701
2019-05-27,2.713
2019-05-28,2.7675
2019-05-29,2.7425
2019-05-30,2.7295
2019-05-31,2.707
2019-06-03,2.721
2019-06-04,2.74
2019-06-05,2.6945
2019-06-06,2.72
2019-06-07,2.6945
2019-06-10,2.7275
2019-06-11,2.741
2019-06-12,2.724
2019-06-13,2.724
2019-06-14,2.6935
2019-06-17,2.7
2019-06-18,2.751
2019-06-19,2.735
2019-06-20,2.7665
2019-06-21,2.7675
2019-06-24,2.7705
2019-06-25,2.8035
2019-06-26,2.7885
2019-06-27,2.789
2019-06-28,2.7885
2019-07-01,2.764
2019-07-02,2.7445
2019-07-03,2.7565
2019-07-04,2.68
2019-07-05,2.7405
2019-07-08,2.7405
2019-07-09,2.7055
2019-07-10,2.7705
2019-07-11,2.767
2019-07-12,2.773
2019-07-15,2.786
2019-07-16,2.775
2019-07-17,2.7895
2019-07-18,2.7825
2019-07-19,2.827
2019-07-22,2.804
2019-07-23,2.7775
2019-07-24,2.792
2019-07-25,2.7865
2019-07-26,2.7675
2019-07-29,2.796
2019-07-30,2.76
2019-07-31,2.7505
2019-08-01,2.751
2019-08-02,2.658
2019-08-05,2.6315
2019-08-06,2.643
2019-08-07,2.6565
2019-08-08,2.689
2019-08-09,2.671
2019-08-12,2.6675
2019-08-13,2.711
2019-08-14,2.673
2019-08-15,2.6775
2019-08-16,2.676
2019-08-19,2.682
2019-08-20,2.6585
2019-08-21,2.6655
2019-08-22,2.6425
2019-08-23,2.6125
2019-08-26,2.6245
2019-08-27,2.626
2019-08-28,2.6365
2019-08-29,2.648
2019-08-30,2.624
2019-09-01,2.552
2019-09-02,2.532
2019-09-03,2.6005
2019-09-04,2.6655
2019-09-05,2.7145
2019-09-06,2.706
2019-09-09,2.697
2019-09-10,2.698
2019-09-11,2.6885
2019-09-12,2.7125
2019-09-13,2.77
2019-09-16,2.7205
2019-09-17,2.704
2019-09-18,2.688
2019-09-19,2.684
2019-09-20,2.68
2019-09-23,2.684
2019-09-24,2.6775
2019-09-25,2.683
2019-09-26,2.6515
2019-09-27,2.6715
2019-09-30,2.653
2019-10-01,2.6345
2019-10-02,2.64
2019-10-03,2.6245
2019-10-04,2.632
2019-10-07,2.647
2019-10-08,2.6405
2019-10-09,2.637
2019-10-10,2.6775
2019-10-11,2.6945
2019-10-14,2.7005
2019-10-15,2.682
2019-10-16,2.66
2019-10-17,2.6665
2019-10-18,2.7015
2019-10-21,2.7125
2019-10-22,2.7055
2019-10-23,2.736
2019-10-24,2.7335
2019-10-25,2.74
2019-10-28,2.748
2019-10-29,2.754
2019-10-30,2.747
2019-10-31,2.702
2019-11-01,2.712
2019-11-04,2.734
2019-11-05,2.7615
2019-11-06,2.7285
2019-11-07,2.7885
2019-11-08,2.747
2019-11-11,2.732
2019-11-12,2.717
2019-11-13,2.711
2019-11-14,2.696
2019-11-15,2.71
2019-11-18,2.6935
2019-11-19,2.7295
2019-11-20,2.7225
2019-11-21,2.6985
2019-11-22,2.7175
2019-11-25,2.72
2019-11-26,2.7565
2019-11-27,2.7535
2019-11-28,2.67
2019-11-29,2.7235
2019-12-02,2.714
2019-12-03,2.685
2019-12-04,2.719
2019-12-05,2.7255
2019-12-06,2.787
2019-12-09,2.817
2019-12-10,2.8255
2019-12-11,2.847
2019-12-12,2.8545
2019-12-13,2.836
2019-12-16,2.8585
2019-12-17,2.8635
2019-12-18,2.86
2019-12-19,2.869
2019-12-20,2.8515
2019-12-23,2.853
2019-12-24,2.873
2019-12-25,2.838
2019-12-26,2.896
2019-12-27,2.8765
2019-12-30,2.8805
2019-12-31,2.851
2020-01-01,2.806
2020-01-02,2.8755
2020-01-03,2.8375
2020-01-06,2.8395
2020-01-07,2.8455
2020-01-08,2.86
2020-01-09,2.8525
2020-01-10,2.8645
2020-01-13,2.91
2020-01-14,2.925
2020-01-15,2.918
2020-01-16,2.8965
2020-01-17,2.896
2020-01-19,2.851
2020-01-20,2.844
2020-01-21,2.8475
2020-01-22,2.8235
2020-01-23,2.784
2020-01-24,2.742
2020-01-27,2.656
2020-01-28,2.6345
2020-01-29,2.6195
2020-01-30,2.5995
2020-01-31,2.595
2020-02-03,2.592
2020-02-04,2.629
2020-02-05,2.6595
2020-02-06,2.6755
2020-02-07,2.64
2020-02-10,2.637
2020-02-11,2.67
2020-02-12,2.685
2020-02-13,2.695
2020-02-14,2.6805
2020-02-16,2.607
2020-02-17,2.62
2020-02-18,2.688
2020-02-19,2.69
2020-02-20,2.672
2020-02-21,2.6895
2020-02-24,2.655
2020-02-25,2.648
2020-02-26,2.639
2020-02-27,2.634
2020-02-28,2.6115
2020-03-02,2.6645
2020-03-03,2.642
2020-03-04,2.6545
2020-03-05,2.643
2020-03-06,2.6245
2020-03-09,2.575
2020-03-10,2.586
2020-03-11,2.5665
2020-03-12,2.5385
2020-03-13,2.5305
2020-03-16,2.4645
2020-03-17,2.3885
2020-03-18,2.2305
2020-03-19,2.266
2020-03-20,2.2395
2020-03-23,2.1665
2020-03-24,2.248
2020-03-25,2.2745
2020-03-26,2.2525
2020-03-27,2.242
2020-03-30,2.231
2020-03-31,2.2975
2020-04-01,2.25
2020-04-02,2.289
2020-04-03,2.2605
2020-04-06,2.289
2020-04-07,2.347
2020-04-08,2.3515
2020-04-09,2.355
2020-04-10,2.27
2020-04-13,2.4015
2020-04-14,2.418
2020-04-15,2.3825
2020-04-16,2.3825
2020-04-17,2.433
2020-04-20,2.4225
2020-04-21,2.36
2020-04-22,2.4
2020-04-23,2.407
2020-04-24,2.4245
2020-04-27,2.43
2020-04-28,2.432
2020-04-29,2.453
2020-04-30,2.422
2020-05-01,2.3925
2020-05-04,2.3995
2020-05-05,2.4225
2020-05-06,2.442
2020-05-07,2.47
2020-05-08,2.499
2020-05-11,2.471
2020-05-12,2.4515
2020-05-13,2.444
2020-05-14,2.438
2020-05-15,2.424
2020-05-18,2.496
2020-05-19,2.5135
2020-05-20,2.5525
2020-05-21,2.5305
2020-05-22,2.4855
2020-05-24,2.397
2020-05-25,2.406
2020-05-26,2.517
2020-05-27,2.4855
2020-05-28,2.515
2020-05-29,2.5255
2020-06-01,2.563
2020-06-02,2.5805
2020-06-03,2.5765
2020-06-04,2.5795
2020-06-05,2.645
2020-06-08,2.6605
2020-06-09,2.6925
2020-06-10,2.7445
2020-06-11,2.6785
2020-06-12,2.7005
2020-06-15,2.674
2020-06-16,2.677
2020-06-17,2.7
2020-06-18,2.698
2020-06-19,2.7115
2020-06-22,2.7445
2020-06-23,2.75
2020-06-24,2.7395
2020-06-25,2.7595
2020-06-26,2.752
2020-06-29,2.765
2020-06-30,2.8015
2020-07-01,2.8105
2020-07-02,2.823
2020-07-03,2.699
2020-07-06,2.8355
2020-07-07,2.8615
2020-07-08,2.8745
2020-07-09,2.8985
2020-07-10,2.953
2020-07-13,3.008
2020-07-14,2.9935
2020-07-15,2.945
2020-07-16,2.9585
2020-07-17,2.9595
2020-07-20,2.9745
2020-07-21,3.0155
2020-07-22,2.9785
2020-07-23,2.983
2020-07-24,2.9435
2020-07-27,2.9585
2020-07-28,2.9775
2020-07-29,2.9795
2020-07-30,2.978
2020-07-31,2.9425
2020-08-03,2.988
2020-08-04,2.9795
2020-08-05,2.9975
2020-08-06,2.997
2020-08-07,2.88
2020-08-10,2.9465
2020-08-11,2.959
2020-08-12,2.9725
2020-08-13,2.8965
2020-08-14,2.943
2020-08-17,2.9845
2020-08-18,3.0415
2020-08-19,3.083
2020-08-20,3.0435
2020-08-21,2.989
2020-08-24,3.002
2020-08-25,3.006
2020-08-26,3.032
2020-08-27,3.038
2020-08-28,3.058
2020-08-31,3.105
2020-09-01,3.074
2020-09-02,3.069
2020-09-03,3.024
2020-09-04,3.1015
2020-09-06,3.0745
2020-09-07,3.0697
2020-09-08,3.0645
2020-09-09,3.0895
2020-09-10,3.036
2020-09-11,3.073
2020-09-14,3.1015
2020-09-15,3.0955
2020-09-16,3.0905
2020-09-17,3.0925
2020-09-18,3.122
2020-09-21,3.0355
2020-09-22,3.066
2020-09-23,3.011
2020-09-24,2.9875
2020-09-25,2.9945
2020-09-28,3.021
2020-09-29,3.0155
2020-09-30,3.064
2020-10-01,2.903
2020-10-02,3.012
2020-10-05,3.0035
2020-10-06,3.01
2020-10-07,3.0715
2020-10-08,3.068
2020-10-09,3.103
2020-10-12,3.0975
2020-10-13,3.082
2020-10-14,3.091
2020-10-15,3.1145
2020-10-16,3.0905
2020-10-19,3.1075
2020-10-20,3.155
2020-10-21,3.202
2020-10-22,3.1675
2020-10-23,3.1475
2020-10-26,3.11
2020-10-27,3.1205
2020-10-28,3.0905
2020-10-29,3.084
2020-10-30,3.0765
2020-11-02,3.105
2020-11-03,3.1085
2020-11-04,3.1255
2020-11-05,3.135
2020-11-06,3.1835
2020-11-09,3.1835
2020-11-10,3.187
2020-11-11,3.1635
2020-11-12,3.1725
2020-11-13,3.204
2020-11-16,3.2495
2020-11-17,3.2325
2020-11-18,3.232
2020-11-19,3.238
2020-11-20,3.3175
2020-11-23,3.2915
2020-11-24,3.3295
2020-11-25,3.345
2020-11-26,3.3478
2020-11-27,3.424
2020-11-30,3.4465
2020-12-01,3.494
2020-12-02,3.4885
2020-12-03,3.4915
2020-12-04,3.5255
2020-12-07,3.524
2020-12-08,3.507
2020-12-09,3.5165
2020-12-10,3.57
2020-12-11,3.53
2020-12-14,3.535
2020-12-15,3.5445
2020-12-16,3.5545
2020-12-17,3.5925
2020-12-18,3.6265
2020-12-21,3.578
2020-12-22,3.5225
2020-12-23,3.5545
2020-12-24,3.5595
2020-12-28,3.5685
2020-12-29,3.55
2020-12-30,3.5485
2020-12-31,3.5185
2021-01-01,3.52
2021-01-04,3.556
2021-01-05,3.6355
2021-01-06,3.6475
2021-01-07,3.6915
2021-01-08,3.6725
2021-01-11,3.561
2021-01-12,3.596
2021-01-13,3.6085
2021-01-14,3.6525
2021-01-15,3.592
2021-01-17,3.576
2021-01-18,3.6168
2021-01-19,3.613
2021-01-20,3.622
2021-01-21,3.6305
2021-01-22,3.6085
2021-01-25,3.614
2021-01-26,3.6095
2021-01-27,3.547
2021-01-28,3.5455
2021-01-29,3.5245
2021-02-01,3.5155
2021-02-02,3.4975
2021-02-03,3.532
2021-02-04,3.528
2021-02-05,3.589
2021-02-08,3.615
2021-02-09,3.657
2021-02-10,3.717
2021-02-11,3.721
2021-02-12,3.7185
2021-02-14,3.8003
2021-02-15,3.8218
2021-02-16,3.7535
2021-02-17,3.753
2021-02-18,3.825
2021-02-19,3.9915
2021-02-22,4.068
2021-02-23,4.106
2021-02-24,4.218
2021-02-25,4.1745
2021-02-26,4.023
2021-03-01,4.049
2021-03-02,4.1375
2021-03-03,4.0745
2021-03-04,3.916
2021-03-05,4.0105
2021-03-08,4.0255
2021-03-09,3.947
2021-03-10,3.974
2021-03-11,4.088
2021-03-12,4.087
2021-03-15,4.086
2021-03-16,4.026
2021-03-17,4.0715
2021-03-18,4.057
2021-03-19,4.057
2021-03-22,4.0895
2021-03-23,4.0345
2021-03-24,4.0255
2021-03-25,3.937
2021-03-26,4.0235
2021-03-29,3.9955
2021-03-30,3.944
2021-03-31,3.9625
2021-04-01,3.9585
2021-04-05,4.1005
2021-04-06,4.0725
2021-04-07,4.0205
2021-04-08,4.0645
2021-04-09,4.0145
2021-04-12,4.0
2021-04-13,4.013
2021-04-14,4.098
2021-04-15,4.1815
2021-04-16,4.1355
2021-04-19,4.214
2021-04-20,4.1925
2021-04-21,4.2545
2021-04-22,4.25
2021-04-23,4.3055
2021-04-26,4.4035
2021-04-27,4.4455
2021-04-28,4.4495
2021-04-29,4.4385
2021-04-30,4.428
2021-05-03,4.485
2021-05-04,4.4765
2021-05-05,4.483
2021-05-06,4.5565
2021-05-07,4.6995
2021-05-10,4.679
2021-05-11,4.735
2021-05-12,4.7085
2021-05-13,4.668
2021-05-14,4.644
2021-05-17,4.702
2021-05-18,4.713
2021-05-19,4.572
2021-05-20,4.565
2021-05-21,4.4825
2021-05-24,4.529
2021-05-25,4.5085
2021-05-26,4.529
2021-05-27,4.6615
2021-05-28,4.676
2021-05-30,4.6937
2021-05-31,4.681
2021-06-01,4.655
2021-06-02,4.599
2021-06-03,4.48
2021-06-04,4.54
2021-06-07,4.5455
2021-06-08,4.569
2021-06-09,4.5425
2021-06-10,4.5045
2021-06-11,4.5525
2021-06-14,4.5405
2021-06-15,4.3515
2021-06-16,4.402
2021-06-17,4.2015
2021-06-18,4.1775
2021-06-21,4.189
2021-06-22,4.219
2021-06-23,4.3285
2021-06-24,4.3105
2021-06-25,4.2895
2021-06-28,4.282
2021-06-29,4.249
2021-06-30,4.2735
2021-07-01,4.2235
2021-07-02,4.27
2021-07-05,4.344
2021-07-06,4.2405
2021-07-07,4.31
2021-07-08,4.261
2021-07-09,4.3395
2021-07-12,4.3065
2021-07-13,4.294
2021-07-14,4.2575
2021-07-15,4.3085
2021-07-16,4.3095
2021-07-19,4.192
2021-07-20,4.2535
2021-07-21,4.2585
2021-07-22,4.319
2021-07-23,4.364
2021-07-26,4.4945
2021-07-27,4.461
2021-07-28,4.43
2021-07-29,4.476
2021-07-30,4.429
2021-08-02,4.4
2021-08-03,4.36
2021-08-04,4.312
2021-08-05,4.32
2021-08-06,4.3235
2021-08-09,4.271
2021-08-10,4.3335
2021-08-11,4.3465
2021-08-12,4.333
2021-08-13,4.3605
2021-08-16,4.308
2021-08-17,4.2
2021-08-18,4.1195
2021-08-19,4.0435
2021-08-20,4.118
2021-08-23,4.206
2021-08-24,4.2515
2021-08-25,4.256
2021-08-26,4.235
2021-08-27,4.2975
2021-08-30,4.3415
2021-08-31,4.335
2021-09-01,4.252
2021-09-02,4.2825
2021-09-03,4.3095
2021-09-05,4.3325
2021-09-06,4.332
2021-09-07,4.2645
2021-09-08,4.218
2021-09-09,4.2705
2021-09-10,4.4275
2021-09-13,4.342
2021-09-14,4.2995
2021-09-15,4.3785
2021-09-16,4.2595
2021-09-17,4.222
2021-09-20,4.096
2021-09-21,4.106
2021-09-22,4.2295
2021-09-23,4.214
2021-09-24,4.259
2021-09-27,4.2535
2021-09-28,4.2085
2021-09-29,4.1675
2021-09-30,4.054
2021-10-01,4.146
2021-10-04,4.2015
2021-10-05,4.156
2021-10-06,4.119
2021-10-07,4.2145
2021-10-08,4.246
2021-10-11,4.33
2021-10-12,4.289
2021-10-13,4.436
2021-10-14,4.5435
2021-10-15,4.64
2021-10-18,4.621
2021-10-19,4.606
2021-10-20,4.6395
2021-10-21,4.471
2021-10-22,4.4335
2021-10-25,4.4795
2021-10-26,4.45
2021-10-27,4.356
2021-10-28,4.3845
2021-10-29,4.3125
2021-11-01,4.3315
2021-11-02,4.317
2021-11-03,4.2865
2021-11-04,4.2855
2021-11-05,4.31
2021-11-08,4.37
2021-11-09,4.3505
2021-11-10,4.3085
2021-11-11,4.3745
2021-11-12,4.429
2021-11-15,4.392
2021-11-16,4.352
2021-11-17,4.2655
2021-11-18,4.295
2021-11-19,4.384
2021-11-22,4.388
2021-11-23,4.411
2021-11-24,4.459
2021-11-25,4.44
2021-11-26,4.2795
2021-11-29,4.329
2021-11-30,4.268
2021-12-01,4.236
2021-12-02,4.284
2021-12-03,4.2535
2021-12-06,4.3155
2021-12-07,4.324
2021-12-08,4.375
2021-12-09,4.315
2021-12-10,4.273
2021-12-13,4.275
2021-12-14,4.244
2021-12-15,4.171
2021-12-16,4.2885
2021-12-17,4.2805
2021-12-20,4.2775
2021-12-21,4.3265
2021-12-22,4.369
2021-12-23,4.3705
2021-12-24,4.405
2021-12-27,4.445
2021-12-28,4.413
2021-12-29,4.39
2021-12-30,4.377
2021-12-31,4.4425
