Date,Dollar
2012-01-02,80.18
2012-01-03,79.61
2012-01-04,80.13
2012-01-05,80.94
2012-01-06,81.25
2012-01-09,81.05
2012-01-10,80.81
2012-01-11,81.35
2012-01-12,80.77
2012-01-13,81.52
2012-01-16,81.52
2012-01-17,81.18
2012-01-18,80.61
2012-01-19,80.22
2012-01-20,80.22
2012-01-23,79.78
2012-01-24,79.87
2012-01-25,79.58
2012-01-26,79.39
2012-01-27,78.9
2012-01-30,79.17
2012-01-31,79.29
2012-02-01,78.92
2012-02-02,78.99
2012-02-03,78.92
2012-02-06,79.07
2012-02-07,78.58
2012-02-08,78.64
2012-02-09,78.57
2012-02-10,79.11
2012-02-13,78.95
2012-02-14,79.58
2012-02-15,79.67
2012-02-16,79.35
2012-02-17,79.33
2012-02-20,79.33
2012-02-21,79.04
2012-02-22,79.21
2012-02-23,78.82
2012-02-24,78.35
2012-02-27,78.57
2012-02-28,78.27
2012-02-29,78.74
2012-03-01,78.79
2012-03-02,79.4
2012-03-05,79.3
2012-03-06,79.87
2012-03-07,79.71
2012-03-08,79.14
2012-03-09,80.04
2012-03-12,79.89
2012-03-13,80.19
2012-03-14,80.56
2012-03-15,80.15
2012-03-16,79.79
2012-03-19,79.79
2012-03-20,79.59
2012-03-21,79.66
2012-03-22,79.74
2012-03-23,79.34
2012-03-26,78.98
2012-03-27,79.05
2012-03-28,79.13
2012-03-29,79.19
2012-03-30,79.0
2012-04-02,78.82
2012-04-03,79.48
2012-04-04,79.78
2012-04-05,80.08
2012-04-06,79.89
2012-04-09,79.73
2012-04-10,79.89
2012-04-11,79.8
2012-04-12,79.28
2012-04-13,79.89
2012-04-16,79.56
2012-04-17,79.48
2012-04-18,79.54
2012-04-19,79.56
2012-04-20,79.19
2012-04-23,79.42
2012-04-24,79.22
2012-04-25,79.01
2012-04-26,78.92
2012-04-27,78.71
2012-04-30,78.78
2012-05-01,78.86
2012-05-02,79.13
2012-05-03,79.22
2012-05-04,79.5
2012-05-07,79.6
2012-05-08,79.74
2012-05-09,80.08
2012-05-10,80.11
2012-05-11,80.26
2012-05-14,80.61
2012-05-15,81.22
2012-05-16,81.37
2012-05-17,81.38
2012-05-18,81.29
2012-05-21,81.08
2012-05-22,81.49
2012-05-23,82.09
2012-05-24,82.35
2012-05-25,82.4
2012-05-28,82.4
2012-05-29,82.48
2012-05-30,83.02
2012-05-31,83.04
2012-06-01,82.89
2012-06-04,82.56
2012-06-05,82.83
2012-06-06,82.32
2012-06-07,82.05
2012-06-08,82.51
2012-06-11,82.52
2012-06-12,82.42
2012-06-13,82.06
2012-06-14,81.99
2012-06-15,81.63
2012-06-18,81.95
2012-06-19,81.38
2012-06-20,81.58
2012-06-21,82.29
2012-06-22,82.26
2012-06-25,82.5
2012-06-26,82.37
2012-06-27,82.62
2012-06-28,82.81
2012-06-29,81.63
2012-07-02,81.87
2012-07-03,81.78
2012-07-04,81.78
2012-07-05,82.81
2012-07-06,83.38
2012-07-09,83.16
2012-07-10,83.4
2012-07-11,83.57
2012-07-12,83.66
2012-07-13,83.35
2012-07-16,83.1
2012-07-17,83.03
2012-07-18,83.07
2012-07-19,82.88
2012-07-20,83.48
2012-07-23,83.71
2012-07-24,84.0
2012-07-25,83.52
2012-07-26,82.81
2012-07-27,82.71
2012-07-30,82.79
2012-07-31,82.64
2012-08-01,83.06
2012-08-02,83.36
2012-08-03,82.38
2012-08-06,82.27
2012-08-07,82.21
2012-08-08,82.39
2012-08-09,82.64
2012-08-10,82.55
2012-08-13,82.44
2012-08-14,82.48
2012-08-15,82.64
2012-08-16,82.36
2012-08-17,82.6
2012-08-20,82.46
2012-08-21,81.91
2012-08-22,81.49
2012-08-23,81.36
2012-08-24,81.59
2012-08-27,81.66
2012-08-28,81.37
2012-08-29,81.55
2012-08-30,81.69
2012-08-31,81.21
2012-09-03,81.21
2012-09-04,81.31
2012-09-05,81.23
2012-09-06,81.04
2012-09-07,80.25
2012-09-10,80.25
2012-09-11,79.86
2012-09-12,79.74
2012-09-13,79.26
2012-09-14,78.85
2012-09-17,79.01
2012-09-18,79.25
2012-09-19,79.06
2012-09-20,79.41
2012-09-21,79.33
2012-09-24,79.52
2012-09-25,79.55
2012-09-26,79.89
2012-09-27,79.55
2012-09-28,79.94
2012-10-01,79.82
2012-10-02,79.74
2012-10-03,79.97
2012-10-04,79.35
2012-10-05,79.34
2012-10-08,79.54
2012-10-09,79.95
2012-10-10,79.92
2012-10-11,79.78
2012-10-12,79.67
2012-10-15,79.74
2012-10-16,79.41
2012-10-17,79.02
2012-10-18,79.37
2012-10-19,79.62
2012-10-22,79.65
2012-10-23,79.98
2012-10-24,79.91
2012-10-25,80.04
2012-10-26,80.07
2012-10-29,80.23
2012-10-30,79.93
2012-10-31,79.92
2012-11-01,80.05
2012-11-02,80.59
2012-11-05,80.75
2012-11-06,80.61
2012-11-07,80.76
2012-11-08,80.79
2012-11-09,81.03
2012-11-12,81.03
2012-11-13,81.08
2012-11-14,81.06
2012-11-15,81.08
2012-11-16,81.26
2012-11-19,80.87
2012-11-20,80.96
2012-11-21,80.93
2012-11-22,80.93
2012-11-23,80.19
2012-11-26,80.25
2012-11-27,80.4
2012-11-28,80.34
2012-11-29,80.2
2012-11-30,80.15
2012-12-03,79.88
2012-12-04,79.64
2012-12-05,79.77
2012-12-06,80.26
2012-12-07,80.41
2012-12-10,80.33
2012-12-11,80.06
2012-12-12,79.81
2012-12-13,79.93
2012-12-14,79.58
2012-12-17,79.57
2012-12-18,79.36
2012-12-19,79.27
2012-12-20,79.26
2012-12-21,79.62
2012-12-24,79.64
2012-12-25,79.64
2012-12-26,79.62
2012-12-27,79.62
2012-12-28,79.68
2012-12-31,79.77
2013-01-01,79.77
2013-01-02,79.84
2013-01-03,80.38
2013-01-04,80.5
2013-01-07,80.26
2013-01-08,80.34
2013-01-09,80.56
2013-01-10,79.74
2013-01-11,79.56
2013-01-14,79.49
2013-01-15,79.78
2013-01-16,79.8
2013-01-17,79.65
2013-01-18,80.04
2013-01-21,80.04
2013-01-22,79.87
2013-01-23,79.92
2013-01-24,79.95
2013-01-25,79.75
2013-01-28,79.75
2013-01-29,79.56
2013-01-30,79.28
2013-01-31,79.21
2013-02-01,79.21
2013-02-04,79.55
2013-02-05,79.49
2013-02-06,79.72
2013-02-07,80.19
2013-02-08,80.21
2013-02-11,80.31
2013-02-12,80.11
2013-02-13,80.09
2013-02-14,80.46
2013-02-15,80.58
2013-02-18,80.58
2013-02-19,80.47
2013-02-20,81.07
2013-02-21,81.46
2013-02-22,81.46
2013-02-25,81.67
2013-02-26,81.87
2013-02-27,81.6
2013-02-28,81.95
2013-03-01,82.28
2013-03-04,82.19
2013-03-05,82.09
2013-03-06,82.46
2013-03-07,82.08
2013-03-08,82.72
2013-03-11,82.57
2013-03-12,82.58
2013-03-13,82.89
2013-03-14,82.61
2013-03-15,82.13
2013-03-18,82.69
2013-03-19,82.99
2013-03-20,82.78
2013-03-21,82.74
2013-03-22,82.53
2013-03-25,82.83
2013-03-26,82.88
2013-03-27,83.22
2013-03-28,82.99
2013-03-29,83.22
2013-04-01,82.73
2013-04-02,82.92
2013-04-03,82.72
2013-04-04,82.68
2013-04-05,82.5
2013-04-08,82.75
2013-04-09,82.31
2013-04-10,82.53
2013-04-11,82.25
2013-04-12,82.13
2013-04-15,82.42
2013-04-16,81.75
2013-04-17,82.68
2013-04-18,82.56
2013-04-19,82.71
2013-04-22,82.68
2013-04-23,83.05
2013-04-24,83.05
2013-04-25,82.74
2013-04-26,82.47
2013-04-29,82.15
2013-04-30,81.75
2013-05-01,81.48
2013-05-02,82.22
2013-05-03,82.1
2013-05-06,82.31
2013-05-07,82.25
2013-05-08,81.9
2013-05-09,82.79
2013-05-10,83.14
2013-05-13,83.28
2013-05-14,83.59
2013-05-15,83.83
2013-05-16,83.59
2013-05-17,84.25
2013-05-20,83.74
2013-05-21,83.86
2013-05-22,84.35
2013-05-23,83.8
2013-05-24,83.7
2013-05-27,83.7
2013-05-28,84.1
2013-05-29,83.66
2013-05-30,83.04
2013-05-31,83.26
2013-06-03,82.66
2013-06-04,82.77
2013-06-05,82.59
2013-06-06,81.54
2013-06-07,81.67
2013-06-10,81.65
2013-06-11,81.11
2013-06-12,80.95
2013-06-13,80.75
2013-06-14,80.62
2013-06-17,80.79
2013-06-18,80.61
2013-06-19,81.43
2013-06-20,81.92
2013-06-21,82.41
2013-06-24,82.42
2013-06-25,82.58
2013-06-26,82.98
2013-06-27,82.9
2013-06-28,83.14
2013-07-01,83.05
2013-07-02,83.54
2013-07-03,83.23
2013-07-04,83.23
2013-07-05,84.44
2013-07-08,84.19
2013-07-09,84.58
2013-07-10,84.04
2013-07-11,82.75
2013-07-12,82.99
2013-07-15,83.04
2013-07-16,82.5
2013-07-17,82.71
2013-07-18,82.82
2013-07-19,82.62
2013-07-22,82.22
2013-07-23,81.94
2013-07-24,82.29
2013-07-25,81.97
2013-07-26,81.66
2013-07-29,81.66
2013-07-30,81.83
2013-07-31,81.45
2013-08-01,82.34
2013-08-02,81.91
2013-08-05,81.88
2013-08-06,81.6
2013-08-07,81.29
2013-08-08,80.98
2013-08-09,81.13
2013-08-12,81.33
2013-08-13,81.77
2013-08-14,81.71
2013-08-15,81.18
2013-08-16,81.26
2013-08-19,81.23
2013-08-20,80.91
2013-08-21,81.21
2013-08-22,81.49
2013-08-23,81.36
2013-08-26,81.41
2013-08-27,81.17
2013-08-28,81.43
2013-08-29,81.95
2013-08-30,82.09
2013-09-02,82.09
2013-09-03,82.36
2013-09-04,82.17
2013-09-05,82.63
2013-09-06,82.15
2013-09-09,81.79
2013-09-10,81.82
2013-09-11,81.52
2013-09-12,81.49
2013-09-13,81.45
2013-09-16,81.3
2013-09-17,81.14
2013-09-18,80.24
2013-09-19,80.37
2013-09-20,80.43
2013-09-23,80.45
2013-09-24,80.56
2013-09-25,80.33
2013-09-26,80.52
2013-09-27,80.29
2013-09-30,80.22
2013-10-01,80.14
2013-10-02,79.9
2013-10-03,79.75
2013-10-04,80.13
2013-10-07,79.94
2013-10-08,80.06
2013-10-09,80.38
2013-10-10,80.42
2013-10-11,80.41
2013-10-14,80.26
2013-10-15,80.48
2013-10-16,80.47
2013-10-17,79.65
2013-10-18,79.65
2013-10-21,79.69
2013-10-22,79.23
2013-10-23,79.26
2013-10-24,79.19
2013-10-25,79.19
2013-10-28,79.25
2013-10-29,79.61
2013-10-30,79.78
2013-10-31,80.19
2013-11-01,80.72
2013-11-04,80.55
2013-11-05,80.71
2013-11-06,80.48
2013-11-07,80.84
2013-11-08,81.3
2013-11-11,81.09
2013-11-12,81.19
2013-11-13,80.93
2013-11-14,81.02
2013-11-15,80.85
2013-11-18,80.83
2013-11-19,80.7
2013-11-20,81.11
2013-11-21,81.07
2013-11-22,80.71
2013-11-25,80.92
2013-11-26,80.61
2013-11-27,80.72
2013-11-28,80.72
2013-11-29,80.68
2013-12-02,80.92
2013-12-03,80.92
2013-12-04,80.62
2013-12-05,80.23
2013-12-06,80.31
2013-12-09,80.13
2013-12-10,79.97
2013-12-11,79.89
2013-12-12,80.21
2013-12-13,80.21
2013-12-16,80.07
2013-12-17,80.06
2013-12-18,80.11
2013-12-19,80.63
2013-12-20,80.58
2013-12-23,80.45
2013-12-24,80.45
2013-12-25,80.45
2013-12-26,80.48
2013-12-27,80.39
2013-12-30,80.0
2013-12-31,80.03
2014-01-01,80.03
2014-01-02,80.63
2014-01-03,80.79
2014-01-06,80.65
2014-01-07,80.83
2014-01-08,81.02
2014-01-09,81.0
2014-01-10,80.66
2014-01-13,80.51
2014-01-14,80.66
2014-01-15,81.03
2014-01-16,80.91
2014-01-17,81.22
2014-01-20,81.22
2014-01-21,81.1
2014-01-22,81.17
2014-01-23,80.44
2014-01-24,80.46
2014-01-27,80.52
2014-01-28,80.57
2014-01-29,80.5
2014-01-30,81.08
2014-01-31,81.31
2014-02-03,81.01
2014-02-04,81.12
2014-02-05,81.04
2014-02-06,80.91
2014-02-07,80.69
2014-02-10,80.64
2014-02-11,80.64
2014-02-12,80.68
2014-02-13,80.32
2014-02-14,80.15
2014-02-17,80.14
2014-02-18,80.01
2014-02-19,80.14
2014-02-20,80.29
2014-02-21,80.24
2014-02-24,80.2
2014-02-25,80.14
2014-02-26,80.43
2014-02-27,80.28
2014-02-28,79.69
2014-03-03,80.08
2014-03-04,80.17
2014-03-05,80.11
2014-03-06,79.66
2014-03-07,79.72
2014-03-10,79.77
2014-03-11,79.74
2014-03-12,79.61
2014-03-13,79.62
2014-03-14,79.45
2014-03-17,79.39
2014-03-18,79.41
2014-03-19,80.0
2014-03-20,80.19
2014-03-21,80.11
2014-03-24,79.93
2014-03-25,79.94
2014-03-26,80.03
2014-03-27,80.11
2014-03-28,80.18
2014-03-31,80.1
2014-04-01,80.09
2014-04-02,80.22
2014-04-03,80.47
2014-04-04,80.42
2014-04-07,80.23
2014-04-08,79.75
2014-04-09,79.48
2014-04-10,79.38
2014-04-11,79.45
2014-04-14,79.73
2014-04-15,79.8
2014-04-16,79.8
2014-04-17,79.83
2014-04-18,79.83
2014-04-21,79.94
2014-04-22,79.91
2014-04-23,79.86
2014-04-24,79.8
2014-04-25,79.75
2014-04-28,79.68
2014-04-29,79.81
2014-04-30,79.47
2014-05-01,79.53
2014-05-02,79.52
2014-05-05,79.49
2014-05-06,79.09
2014-05-07,79.2
2014-05-08,79.36
2014-05-09,79.9
2014-05-12,79.9
2014-05-13,80.14
2014-05-14,80.07
2014-05-15,80.0
2014-05-16,80.04
2014-05-19,79.99
2014-05-20,80.04
2014-05-21,80.09
2014-05-22,80.25
2014-05-23,80.39
2014-05-26,80.39
2014-05-27,80.35
2014-05-28,80.57
2014-05-29,80.49
2014-05-30,80.37
2014-06-02,80.64
2014-06-03,80.55
2014-06-04,80.66
2014-06-05,80.37
2014-06-06,80.41
2014-06-09,80.65
2014-06-10,80.82
2014-06-11,80.77
2014-06-12,80.58
2014-06-13,80.58
2014-06-16,80.47
2014-06-17,80.63
2014-06-18,80.58
2014-06-19,80.32
2014-06-20,80.37
2014-06-23,80.27
2014-06-24,80.33
2014-06-25,80.22
2014-06-26,80.22
2014-06-27,80.02
2014-06-30,79.78
2014-07-01,79.81
2014-07-02,79.96
2014-07-03,80.21
2014-07-04,80.27
2014-07-07,80.22
2014-07-08,80.18
2014-07-09,79.99
2014-07-10,80.13
2014-07-11,80.19
2014-07-14,80.19
2014-07-15,80.39
2014-07-16,80.56
2014-07-17,80.5
2014-07-18,80.52
2014-07-21,80.56
2014-07-22,80.78
2014-07-23,80.82
2014-07-24,80.87
2014-07-25,81.03
2014-07-28,81.03
2014-07-29,81.21
2014-07-30,81.43
2014-07-31,81.46
2014-08-01,81.3
2014-08-04,81.33
2014-08-05,81.33
2014-08-06,81.44
2014-08-07,81.52
2014-08-08,81.45
2014-08-11,81.47
2014-08-12,81.5
2014-08-13,81.6
2014-08-14,81.59
2014-08-15,81.42
2014-08-18,81.58
2014-08-19,81.88
2014-08-20,82.23
2014-08-21,82.15
2014-08-22,82.34
2014-08-25,82.55
2014-08-26,82.65
2014-08-27,82.43
2014-08-28,82.48
2014-08-29,82.75
2014-09-01,82.75
2014-09-02,82.99
2014-09-03,82.86
2014-09-04,83.82
2014-09-05,83.74
2014-09-08,84.23
2014-09-09,84.28
2014-09-10,84.28
2014-09-11,84.3
2014-09-12,84.24
2014-09-15,84.26
2014-09-16,84.07
2014-09-17,84.34
2014-09-18,84.32
2014-09-19,84.73
2014-09-22,84.75
2014-09-23,84.66
2014-09-24,85.04
2014-09-25,85.19
2014-09-26,85.64
2014-09-29,85.59
2014-09-30,85.94
2014-10-01,85.97
2014-10-02,85.6
2014-10-03,86.69
2014-10-06,85.93
2014-10-07,85.67
2014-10-08,85.3
2014-10-09,85.52
2014-10-10,85.91
2014-10-13,85.53
2014-10-14,85.82
2014-10-15,85.15
2014-10-16,84.95
2014-10-17,85.11
2014-10-20,84.95
2014-10-21,85.3
2014-10-22,85.74
2014-10-23,85.84
2014-10-24,85.73
2014-10-27,85.5
2014-10-28,85.41
2014-10-29,85.95
2014-10-30,86.15
2014-10-31,86.92
2014-11-03,87.31
2014-11-04,86.98
2014-11-05,87.44
2014-11-06,88.01
2014-11-07,87.64
2014-11-10,87.81
2014-11-11,87.53
2014-11-12,87.82
2014-11-13,87.67
2014-11-14,87.53
2014-11-17,87.93
2014-11-18,87.58
2014-11-19,87.65
2014-11-20,87.59
2014-11-21,88.31
2014-11-24,88.15
2014-11-25,87.92
2014-11-26,87.61
2014-11-27,87.61
2014-11-28,88.36
2014-12-01,87.95
2014-12-02,88.65
2014-12-03,88.96
2014-12-04,88.7
2014-12-05,89.33
2014-12-08,89.04
2014-12-09,88.69
2014-12-10,88.27
2014-12-11,88.66
2014-12-12,88.36
2014-12-15,88.46
2014-12-16,88.12
2014-12-17,89.13
2014-12-18,89.23
2014-12-19,89.6
2014-12-22,89.77
2014-12-23,90.06
2014-12-24,89.97
2014-12-25,89.97
2014-12-26,90.03
2014-12-29,90.19
2014-12-30,89.99
2014-12-31,90.27
2015-01-01,90.27
2015-01-02,91.08
2015-01-05,91.38
2015-01-06,91.5
2015-01-07,91.89
2015-01-08,92.37
2015-01-09,91.94
2015-01-12,91.98
2015-01-13,92.31
2015-01-14,92.16
2015-01-15,92.35
2015-01-16,92.52
2015-01-19,92.52
2015-01-20,93.05
2015-01-21,92.9
2015-01-22,94.08
2015-01-23,94.76
2015-01-26,94.8
2015-01-27,94.02
2015-01-28,94.47
2015-01-29,94.78
2015-01-30,94.8
2015-02-02,94.5
2015-02-03,93.6
2015-02-04,93.99
2015-02-05,93.57
2015-02-06,95.85
2015-02-09,94.45
2015-02-10,94.76
2015-02-11,94.98
2015-02-12,94.09
2015-02-13,94.2
2015-02-16,94.2
2015-02-17,94.06
2015-02-18,94.2
2015-02-19,94.4
2015-02-20,94.34
2015-02-23,94.57
2015-02-24,94.49
2015-02-25,94.21
2015-02-26,95.29
2015-02-27,95.32
2015-03-02,95.46
2015-03-03,95.38
2015-03-04,95.97
2015-03-05,96.38
2015-03-06,97.61
2015-03-09,97.59
2015-03-10,98.62
2015-03-11,99.8
2015-03-12,99.44
2015-03-13,100.33
2015-03-16,99.6
2015-03-17,99.58
2015-03-18,98.55
2015-03-19,99.26
2015-03-20,97.91
2015-03-23,97.03
2015-03-24,97.19
2015-03-25,96.98
2015-03-26,97.44
2015-03-27,97.29
2015-03-30,97.97
2015-03-31,98.36
2015-04-01,98.19
2015-04-02,97.44
2015-04-03,96.55
2015-04-06,96.78
2015-04-07,97.83
2015-04-08,97.94
2015-04-09,99.16
2015-04-10,99.34
2015-04-13,99.49
2015-04-14,98.73
2015-04-15,98.32
2015-04-16,97.42
2015-04-17,97.52
2015-04-20,97.94
2015-04-21,98.0
2015-04-22,97.93
2015-04-23,97.28
2015-04-24,96.92
2015-04-27,96.77
2015-04-28,96.09
2015-04-29,95.21
2015-04-30,94.6
2015-05-01,95.3
2015-05-04,95.48
2015-05-05,95.08
2015-05-06,94.09
2015-05-07,94.64
2015-05-08,94.79
2015-05-11,95.01
2015-05-12,94.53
2015-05-13,93.62
2015-05-14,93.46
2015-05-15,93.14
2015-05-18,94.22
2015-05-19,95.27
2015-05-20,95.45
2015-05-21,95.25
2015-05-22,96.11
2015-05-25,96.01
2015-05-26,97.3
2015-05-27,97.37
2015-05-28,96.97
2015-05-29,96.91
2015-06-01,97.39
2015-06-02,95.83
2015-06-03,95.47
2015-06-04,95.46
2015-06-05,96.31
2015-06-08,95.3
2015-06-09,95.17
2015-06-10,94.65
2015-06-11,94.98
2015-06-12,94.97
2015-06-15,94.81
2015-06-16,95.0
2015-06-17,94.3
2015-06-18,94.04
2015-06-19,94.08
2015-06-22,94.33
2015-06-23,95.43
2015-06-24,95.26
2015-06-25,95.19
2015-06-26,95.47
2015-06-29,94.79
2015-06-30,95.48
2015-07-01,96.31
2015-07-02,96.11
2015-07-03,96.11
2015-07-06,96.3
2015-07-07,96.86
2015-07-08,96.29
2015-07-09,96.61
2015-07-10,96.03
2015-07-13,96.86
2015-07-14,96.64
2015-07-15,97.17
2015-07-16,97.67
2015-07-17,97.86
2015-07-20,98.03
2015-07-21,97.33
2015-07-22,97.6
2015-07-23,97.11
2015-07-24,97.24
2015-07-27,96.5
2015-07-28,96.77
2015-07-29,96.98
2015-07-30,97.56
2015-07-31,97.34
2015-08-03,97.49
2015-08-04,97.93
2015-08-05,97.96
2015-08-06,97.83
2015-08-07,97.56
2015-08-10,97.16
2015-08-11,97.29
2015-08-12,96.26
2015-08-13,96.44
2015-08-14,96.52
2015-08-17,96.81
2015-08-18,97.04
2015-08-19,96.36
2015-08-20,95.98
2015-08-21,95.01
2015-08-24,93.33
2015-08-25,94.53
2015-08-26,95.1
2015-08-27,95.61
2015-08-28,96.11
2015-08-31,95.82
2015-09-01,95.45
2015-09-02,95.83
2015-09-03,96.41
2015-09-04,96.23
2015-09-07,96.23
2015-09-08,95.98
2015-09-09,96.01
2015-09-10,95.46
2015-09-11,95.19
2015-09-14,95.25
2015-09-15,95.61
2015-09-16,95.42
2015-09-17,94.55
2015-09-18,94.86
2015-09-21,95.89
2015-09-22,96.28
2015-09-23,96.07
2015-09-24,96.69
2015-09-25,96.27
2015-09-28,96.03
2015-09-29,95.86
2015-09-30,96.35
2015-10-01,96.19
2015-10-02,95.83
2015-10-05,96.11
2015-10-06,95.45
2015-10-07,95.5
2015-10-08,95.32
2015-10-09,94.81
2015-10-12,94.84
2015-10-13,94.76
2015-10-14,93.93
2015-10-15,94.37
2015-10-16,94.54
2015-10-19,94.93
2015-10-20,94.91
2015-10-21,95.03
2015-10-22,96.38
2015-10-23,97.13
2015-10-26,96.86
2015-10-27,96.91
2015-10-28,97.78
2015-10-29,97.28
2015-10-30,96.95
2015-11-02,96.93
2015-11-03,97.16
2015-11-04,97.95
2015-11-05,97.94
2015-11-06,99.17
2015-11-09,98.98
2015-11-10,99.29
2015-11-11,99.01
2015-11-12,98.65
2015-11-13,99.0
2015-11-16,99.44
2015-11-17,99.63
2015-11-18,99.65
2015-11-19,98.99
2015-11-20,99.56
2015-11-23,99.8
2015-11-24,99.53
2015-11-25,99.8
2015-11-26,99.8
2015-11-27,100.02
2015-11-30,100.17
2015-12-01,99.8
2015-12-02,99.99
2015-12-03,97.62
2015-12-04,98.35
2015-12-07,98.66
2015-12-08,98.47
2015-12-09,97.34
2015-12-10,97.94
2015-12-11,97.56
2015-12-14,97.6
2015-12-15,98.22
2015-12-16,97.87
2015-12-17,99.27
2015-12-18,98.7
2015-12-21,98.36
2015-12-22,98.23
2015-12-23,98.34
2015-12-24,97.98
2015-12-25,97.98
2015-12-28,97.92
2015-12-29,98.1
2015-12-30,98.27
2015-12-31,98.63
2016-01-01,98.63
2016-01-04,98.87
2016-01-05,99.4
2016-01-06,99.18
2016-01-07,98.22
2016-01-08,98.54
2016-01-11,98.72
2016-01-12,98.97
2016-01-13,98.93
2016-01-14,99.09
2016-01-15,98.96
2016-01-18,98.96
2016-01-19,98.99
2016-01-20,99.09
2016-01-21,99.06
2016-01-22,99.57
2016-01-25,99.36
2016-01-26,99.36
2016-01-27,98.9
2016-01-28,98.51
2016-01-29,99.61
2016-02-01,99.01
2016-02-02,98.87
2016-02-03,97.29
2016-02-04,96.47
2016-02-05,97.03
2016-02-08,96.57
2016-02-09,96.07
2016-02-10,95.89
2016-02-11,95.56
2016-02-12,95.94
2016-02-15,95.98
2016-02-16,96.87
2016-02-17,96.79
2016-02-18,96.95
2016-02-19,96.6
2016-02-22,97.38
2016-02-23,97.48
2016-02-24,97.46
2016-02-25,97.29
2016-02-26,98.15
2016-02-29,98.21
2016-03-01,98.35
2016-03-02,98.21
2016-03-03,97.59
2016-03-04,97.34
2016-03-07,97.07
2016-03-08,97.21
2016-03-09,97.17
2016-03-10,96.07
2016-03-11,96.17
2016-03-14,96.62
2016-03-15,96.63
2016-03-16,95.89
2016-03-17,94.76
2016-03-18,95.09
2016-03-21,95.29
2016-03-22,95.65
2016-03-23,96.05
2016-03-24,96.14
2016-03-25,96.14
2016-03-28,95.94
2016-03-29,95.16
2016-03-30,94.84
2016-03-31,94.59
2016-04-01,94.62
2016-04-04,94.51
2016-04-05,94.63
2016-04-06,94.43
2016-04-07,94.48
2016-04-08,94.23
2016-04-11,93.95
2016-04-12,93.96
2016-04-13,94.74
2016-04-14,94.9
2016-04-15,94.7
2016-04-18,94.49
2016-04-19,93.98
2016-04-20,94.49
2016-04-21,94.6
2016-04-22,95.12
2016-04-25,94.84
2016-04-26,94.57
2016-04-27,94.39
2016-04-28,93.76
2016-04-29,93.08
2016-05-02,92.63
2016-05-03,92.94
2016-05-04,93.18
2016-05-05,93.78
2016-05-06,93.89
2016-05-09,94.13
2016-05-10,94.29
2016-05-11,93.82
2016-05-12,94.15
2016-05-13,94.61
2016-05-16,94.57
2016-05-17,94.55
2016-05-18,95.08
2016-05-19,95.29
2016-05-20,95.33
2016-05-23,95.23
2016-05-24,95.57
2016-05-25,95.35
2016-05-26,95.17
2016-05-27,95.52
2016-05-30,95.52
2016-05-31,95.89
2016-06-01,95.45
2016-06-02,95.56
2016-06-03,94.03
2016-06-06,93.9
2016-06-07,93.83
2016-06-08,93.59
2016-06-09,93.95
2016-06-10,94.57
2016-06-13,94.36
2016-06-14,94.93
2016-06-15,94.61
2016-06-16,94.57
2016-06-17,94.21
2016-06-20,93.61
2016-06-21,94.02
2016-06-22,93.72
2016-06-23,93.53
2016-06-24,95.45
2016-06-27,96.54
2016-06-28,96.25
2016-06-29,95.77
2016-06-30,96.14
2016-07-01,95.65
2016-07-04,95.65
2016-07-05,96.17
2016-07-06,96.05
2016-07-07,96.33
2016-07-08,96.3
2016-07-11,96.57
2016-07-12,96.44
2016-07-13,96.22
2016-07-14,96.08
2016-07-15,96.58
2016-07-18,96.56
2016-07-19,97.06
2016-07-20,97.2
2016-07-21,97.0
2016-07-22,97.47
2016-07-25,97.29
2016-07-26,97.16
2016-07-27,97.05
2016-07-28,96.74
2016-07-29,95.53
2016-08-01,95.71
2016-08-02,95.06
2016-08-03,95.56
2016-08-04,95.76
2016-08-05,96.19
2016-08-08,96.4
2016-08-09,96.18
2016-08-10,95.65
2016-08-11,95.86
2016-08-12,95.72
2016-08-15,95.63
2016-08-16,94.79
2016-08-17,94.72
2016-08-18,94.16
2016-08-19,94.51
2016-08-22,94.52
2016-08-23,94.54
2016-08-24,94.79
2016-08-25,94.77
2016-08-26,95.57
2016-08-29,95.58
2016-08-30,96.05
2016-08-31,96.02
2016-09-01,95.65
2016-09-02,95.84
2016-09-05,95.84
2016-09-06,94.82
2016-09-07,94.96
2016-09-08,95.03
2016-09-09,95.34
2016-09-12,95.09
2016-09-13,95.63
2016-09-14,95.33
2016-09-15,95.29
2016-09-16,96.11
2016-09-19,95.84
2016-09-20,96.02
2016-09-21,95.66
2016-09-22,95.45
2016-09-23,95.48
2016-09-26,95.3
2016-09-27,95.44
2016-09-28,95.43
2016-09-29,95.53
2016-09-30,95.46
2016-10-03,95.69
2016-10-04,96.17
2016-10-05,96.12
2016-10-06,96.77
2016-10-07,96.63
2016-10-10,96.93
2016-10-11,97.69
2016-10-12,97.97
2016-10-13,97.52
2016-10-14,98.02
2016-10-17,97.89
2016-10-18,97.89
2016-10-19,97.92
2016-10-20,98.31
2016-10-21,98.69
2016-10-24,98.76
2016-10-25,98.72
2016-10-26,98.63
2016-10-27,98.89
2016-10-28,98.35
2016-10-31,98.44
2016-11-01,97.7
2016-11-02,97.4
2016-11-03,97.16
2016-11-04,97.06
2016-11-07,97.78
2016-11-08,97.86
2016-11-09,98.5
2016-11-10,98.78
2016-11-11,99.06
2016-11-14,100.11
2016-11-15,100.23
2016-11-16,100.41
2016-11-17,100.89
2016-11-18,101.21
2016-11-21,101.05
2016-11-22,101.04
2016-11-23,101.7
2016-11-24,101.7
2016-11-25,101.49
2016-11-28,101.33
2016-11-29,100.93
2016-11-30,101.5
2016-12-01,101.04
2016-12-02,100.77
2016-12-05,100.09
2016-12-06,100.49
2016-12-07,100.23
2016-12-08,101.1
2016-12-09,101.59
2016-12-12,101.03
2016-12-13,101.07
2016-12-14,101.76
2016-12-15,103.02
2016-12-16,102.95
2016-12-19,103.14
2016-12-20,103.29
2016-12-21,103.02
2016-12-22,103.09
2016-12-23,103.01
2016-12-26,103.01
2016-12-27,103.02
2016-12-28,103.3
2016-12-29,102.68
2016-12-30,102.21
2017-01-02,102.83
2017-01-03,103.21
2017-01-04,102.7
2017-01-05,101.52
2017-01-06,102.22
2017-01-09,101.93
2017-01-10,102.01
2017-01-11,101.78
2017-01-12,101.35
2017-01-13,101.18
2017-01-16,101.18
2017-01-17,100.33
2017-01-18,100.93
2017-01-19,101.15
2017-01-20,100.74
2017-01-23,100.16
2017-01-24,100.35
2017-01-25,100.03
2017-01-26,100.38
2017-01-27,100.53
2017-01-30,100.43
2017-01-31,99.51
2017-02-01,99.64
2017-02-02,99.79
2017-02-03,99.87
2017-02-06,99.91
2017-02-07,100.26
2017-02-08,100.28
2017-02-09,100.65
2017-02-10,100.8
2017-02-13,100.96
2017-02-14,101.25
2017-02-15,101.18
2017-02-16,100.44
2017-02-17,100.95
2017-02-20,100.95
2017-02-21,101.37
2017-02-22,101.22
2017-02-23,101.05
2017-02-24,101.09
2017-02-27,101.13
2017-02-28,101.12
2017-03-01,101.78
2017-03-02,102.2
2017-03-03,101.54
2017-03-06,101.64
2017-03-07,101.81
2017-03-08,102.07
2017-03-09,101.85
2017-03-10,101.25
2017-03-13,101.31
2017-03-14,101.7
2017-03-15,100.74
2017-03-16,100.36
2017-03-17,100.3
2017-03-20,100.41
2017-03-21,99.81
2017-03-22,99.68
2017-03-23,99.76
2017-03-24,99.63
2017-03-27,99.17
2017-03-28,99.71
2017-03-29,100.0
2017-03-30,100.41
2017-03-31,100.35
2017-04-03,100.54
2017-04-04,100.54
2017-04-05,100.56
2017-04-06,100.67
2017-04-07,101.18
2017-04-10,101.02
2017-04-11,100.71
2017-04-12,100.78
2017-04-13,100.56
2017-04-14,100.56
2017-04-17,100.29
2017-04-18,99.5
2017-04-19,99.74
2017-04-20,99.78
2017-04-21,99.98
2017-04-24,99.09
2017-04-25,98.78
2017-04-26,99.05
2017-04-27,99.08
2017-04-28,99.05
2017-05-01,99.08
2017-05-02,98.98
2017-05-03,99.21
2017-05-04,98.8
2017-05-05,98.65
2017-05-08,99.06
2017-05-09,99.66
2017-05-10,99.67
2017-05-11,99.62
2017-05-12,99.25
2017-05-15,98.91
2017-05-16,98.11
2017-05-17,97.58
2017-05-18,97.88
2017-05-19,97.14
2017-05-22,96.98
2017-05-23,97.35
2017-05-24,97.24
2017-05-25,97.25
2017-05-26,97.44
2017-05-29,97.44
2017-05-30,97.28
2017-05-31,96.92
2017-06-01,97.2
2017-06-02,96.72
2017-06-05,96.8
2017-06-06,96.64
2017-06-07,96.75
2017-06-08,96.92
2017-06-09,97.27
2017-06-12,97.14
2017-06-13,96.97
2017-06-14,96.94
2017-06-15,97.43
2017-06-16,97.16
2017-06-19,97.55
2017-06-20,97.76
2017-06-21,97.56
2017-06-22,97.59
2017-06-23,97.26
2017-06-26,97.43
2017-06-27,96.39
2017-06-28,96.01
2017-06-29,95.63
2017-06-30,95.63
2017-07-03,96.22
2017-07-04,96.22
2017-07-05,96.29
2017-07-06,95.8
2017-07-07,96.01
2017-07-10,96.02
2017-07-11,95.67
2017-07-12,95.76
2017-07-13,95.73
2017-07-14,95.15
2017-07-17,95.13
2017-07-18,94.6
2017-07-19,94.78
2017-07-20,94.31
2017-07-21,93.86
2017-07-24,93.98
2017-07-25,94.05
2017-07-26,93.67
2017-07-27,93.86
2017-07-28,93.26
2017-07-31,92.86
2017-08-01,93.04
2017-08-02,92.84
2017-08-03,92.84
2017-08-04,93.54
2017-08-07,93.43
2017-08-08,93.65
2017-08-09,93.55
2017-08-10,93.4
2017-08-11,93.07
2017-08-14,93.41
2017-08-15,93.85
2017-08-16,93.54
2017-08-17,93.62
2017-08-18,93.43
2017-08-21,93.09
2017-08-22,93.55
2017-08-23,93.15
2017-08-24,93.28
2017-08-25,92.74
2017-08-28,92.21
2017-08-29,92.25
2017-08-30,92.88
2017-08-31,92.67
2017-09-01,92.81
2017-09-04,92.64
2017-09-05,92.25
2017-09-06,92.29
2017-09-07,91.66
2017-09-08,91.35
2017-09-11,91.9
2017-09-12,91.88
2017-09-13,92.52
2017-09-14,92.12
2017-09-15,91.87
2017-09-18,92.05
2017-09-19,91.79
2017-09-20,92.51
2017-09-21,92.19
2017-09-22,92.17
2017-09-25,92.65
2017-09-26,92.97
2017-09-27,93.36
2017-09-28,93.08
2017-09-29,93.08
2017-10-02,93.56
2017-10-03,93.57
2017-10-04,93.46
2017-10-05,93.96
2017-10-06,93.8
2017-10-09,93.67
2017-10-10,93.29
2017-10-11,93.02
2017-10-12,93.06
2017-10-13,93.09
2017-10-16,93.31
2017-10-17,93.51
2017-10-18,93.36
2017-10-19,93.16
2017-10-20,93.7
2017-10-23,93.94
2017-10-24,93.77
2017-10-25,93.71
2017-10-26,94.61
2017-10-27,94.92
2017-10-30,94.56
2017-10-31,94.55
2017-11-01,94.81
2017-11-02,94.69
2017-11-03,94.94
2017-11-06,94.76
2017-11-07,94.91
2017-11-08,94.87
2017-11-09,94.44
2017-11-10,94.39
2017-11-13,94.49
2017-11-14,93.83
2017-11-15,93.81
2017-11-16,93.93
2017-11-17,93.66
2017-11-20,94.08
2017-11-21,93.95
2017-11-22,93.22
2017-11-23,93.22
2017-11-24,92.78
2017-11-27,92.9
2017-11-28,93.27
2017-11-29,93.16
2017-11-30,93.05
2017-12-01,92.89
2017-12-04,93.19
2017-12-05,93.38
2017-12-06,93.61
2017-12-07,93.8
2017-12-08,93.9
2017-12-11,93.87
2017-12-12,94.1
2017-12-13,93.43
2017-12-14,93.49
2017-12-15,93.93
2017-12-18,93.69
2017-12-19,93.44
2017-12-20,93.31
2017-12-21,93.28
2017-12-22,93.35
2017-12-25,93.35
2017-12-26,93.26
2017-12-27,93.03
2017-12-28,92.6
2017-12-29,92.12
2017-12-31,92.28
2018-01-01,92.25
2018-01-02,91.87
2018-01-03,92.16
2018-01-04,91.85
2018-01-05,91.95
2018-01-08,92.36
2018-01-09,92.53
2018-01-10,92.33
2018-01-11,91.85
2018-01-12,90.97
2018-01-15,90.97
2018-01-16,90.39
2018-01-17,90.54
2018-01-18,90.5
2018-01-19,90.57
2018-01-22,90.4
2018-01-23,90.12
2018-01-24,89.21
2018-01-25,89.39
2018-01-26,89.07
2018-01-29,89.31
2018-01-30,89.16
2018-01-31,89.13
2018-02-01,88.67
2018-02-02,89.19
2018-02-05,89.55
2018-02-06,89.58
2018-02-07,90.25
2018-02-08,90.23
2018-02-09,90.44
2018-02-12,90.21
2018-02-13,89.7
2018-02-14,89.12
2018-02-15,88.59
2018-02-16,89.1
2018-02-19,89.1
2018-02-20,89.72
2018-02-21,90.0
2018-02-22,89.74
2018-02-23,89.88
2018-02-26,89.85
2018-02-27,90.36
2018-02-28,90.61
2018-03-01,90.32
2018-03-02,89.94
2018-03-05,90.08
2018-03-06,89.62
2018-03-07,89.64
2018-03-08,90.18
2018-03-09,90.09
2018-03-12,89.89
2018-03-13,89.66
2018-03-14,89.7
2018-03-15,90.14
2018-03-16,90.23
2018-03-19,89.77
2018-03-20,90.37
2018-03-21,89.78
2018-03-22,89.86
2018-03-23,89.48
2018-03-26,89.03
2018-03-27,89.33
2018-03-28,90.06
2018-03-29,90.15
2018-03-30,89.97
2018-04-02,90.05
2018-04-03,90.2
2018-04-04,90.14
2018-04-05,90.46
2018-04-06,90.11
2018-04-09,89.84
2018-04-10,89.59
2018-04-11,89.57
2018-04-12,89.75
2018-04-13,89.8
2018-04-16,89.42
2018-04-17,89.52
2018-04-18,89.62
2018-04-19,89.94
2018-04-20,90.32
2018-04-23,90.95
2018-04-24,90.77
2018-04-25,91.17
2018-04-26,91.56
2018-04-27,91.54
2018-04-30,91.84
2018-05-01,92.45
2018-05-02,92.51
2018-05-03,92.41
2018-05-04,92.57
2018-05-07,92.75
2018-05-08,93.12
2018-05-09,93.04
2018-05-10,92.65
2018-05-11,92.54
2018-05-14,92.59
2018-05-15,93.22
2018-05-16,93.39
2018-05-17,93.47
2018-05-18,93.64
2018-05-21,93.68
2018-05-22,93.61
2018-05-23,94.0
2018-05-24,93.76
2018-05-25,94.19
2018-05-28,94.19
2018-05-29,94.83
2018-05-30,94.15
2018-05-31,93.98
2018-06-01,94.19
2018-06-04,94.02
2018-06-05,93.9
2018-06-06,93.66
2018-06-07,93.4
2018-06-08,93.55
2018-06-11,93.58
2018-06-12,93.8
2018-06-13,93.71
2018-06-14,94.77
2018-06-15,94.79
2018-06-18,94.8
2018-06-19,95.08
2018-06-20,95.06
2018-06-21,94.74
2018-06-22,94.52
2018-06-25,94.28
2018-06-26,94.66
2018-06-27,95.27
2018-06-28,95.39
2018-06-29,94.64
2018-07-02,95.03
2018-07-03,94.67
2018-07-04,94.67
2018-07-05,94.47
2018-07-06,94.04
2018-07-09,94.08
2018-07-10,94.15
2018-07-11,94.72
2018-07-12,94.81
2018-07-13,94.75
2018-07-16,94.51
2018-07-17,94.94
2018-07-18,95.08
2018-07-19,95.15
2018-07-20,94.45
2018-07-23,94.67
2018-07-24,94.61
2018-07-25,94.36
2018-07-26,94.75
2018-07-27,94.67
2018-07-30,94.32
2018-07-31,94.49
2018-08-01,94.62
2018-08-02,95.16
2018-08-03,95.14
2018-08-06,95.36
2018-08-07,95.22
2018-08-08,95.05
2018-08-09,95.5
2018-08-10,96.36
2018-08-13,96.39
2018-08-14,96.73
2018-08-15,96.7
2018-08-16,96.64
2018-08-17,96.1
2018-08-20,95.9
2018-08-21,95.26
2018-08-22,95.15
2018-08-23,95.67
2018-08-24,95.15
2018-08-27,94.78
2018-08-28,94.72
2018-08-29,94.6
2018-08-30,94.72
2018-08-31,95.14
2018-09-03,95.14
2018-09-04,95.44
2018-09-05,95.18
2018-09-06,95.02
2018-09-07,95.36
2018-09-10,95.15
2018-09-11,95.25
2018-09-12,94.8
2018-09-13,94.52
2018-09-14,94.93
2018-09-17,94.5
2018-09-18,94.64
2018-09-19,94.54
2018-09-20,93.91
2018-09-21,94.22
2018-09-24,94.19
2018-09-25,94.13
2018-09-26,94.19
2018-09-27,94.89
2018-09-28,95.13
2018-10-01,95.3
2018-10-02,95.51
2018-10-03,95.76
2018-10-04,95.75
2018-10-05,95.62
2018-10-08,95.76
2018-10-09,95.67
2018-10-10,95.51
2018-10-11,95.02
2018-10-12,95.22
2018-10-15,95.06
2018-10-16,95.05
2018-10-17,95.58
2018-10-18,95.9
2018-10-19,95.71
2018-10-22,96.01
2018-10-23,95.96
2018-10-24,96.43
2018-10-25,96.68
2018-10-26,96.36
2018-10-29,96.58
2018-10-30,97.01
2018-10-31,97.13
2018-11-01,96.28
2018-11-02,96.54
2018-11-05,96.28
2018-11-06,96.32
2018-11-07,96.0
2018-11-08,96.72
2018-11-09,96.91
2018-11-12,97.54
2018-11-13,97.3
2018-11-14,96.8
2018-11-15,96.93
2018-11-16,96.47
2018-11-19,96.19
2018-11-20,96.84
2018-11-21,96.71
2018-11-22,96.71
2018-11-23,96.92
2018-11-26,97.07
2018-11-27,97.37
2018-11-28,96.79
2018-11-29,96.78
2018-11-30,97.27
2018-12-03,97.04
2018-12-04,96.97
2018-12-05,97.07
2018-12-06,96.81
2018-12-07,96.51
2018-12-10,97.22
2018-12-11,97.39
2018-12-12,97.04
2018-12-13,97.06
2018-12-14,97.44
2018-12-17,97.1
2018-12-18,97.1
2018-12-19,97.03
2018-12-20,96.28
2018-12-21,96.96
2018-12-24,96.55
2018-12-25,96.55
2018-12-26,97.05
2018-12-27,96.48
2018-12-28,96.4
2018-12-31,96.17
2019-01-01,96.17
2019-01-02,96.82
2019-01-03,96.31
2019-01-04,96.18
2019-01-07,95.67
2019-01-08,95.9
2019-01-09,95.22
2019-01-10,95.54
2019-01-11,95.67
2019-01-14,95.61
2019-01-15,96.04
2019-01-16,96.06
2019-01-17,96.06
2019-01-18,96.34
2019-01-21,96.34
2019-01-22,96.3
2019-01-23,96.12
2019-01-24,96.6
2019-01-25,95.79
2019-01-28,95.75
2019-01-29,95.82
2019-01-30,95.34
2019-01-31,95.58
2019-02-01,95.58
2019-02-04,95.85
2019-02-05,96.07
2019-02-06,96.39
2019-02-07,96.51
2019-02-08,96.64
2019-02-11,97.06
2019-02-12,96.71
2019-02-13,97.13
2019-02-14,96.98
2019-02-15,96.9
2019-02-18,96.9
2019-02-19,96.52
2019-02-20,96.45
2019-02-21,96.61
2019-02-22,96.51
2019-02-25,96.41
2019-02-26,96.0
2019-02-27,96.15
2019-02-28,96.16
2019-03-01,96.53
2019-03-04,96.68
2019-03-05,96.87
2019-03-06,96.87
2019-03-07,97.67
2019-03-08,97.31
2019-03-11,97.22
2019-03-12,96.94
2019-03-13,96.55
2019-03-14,96.78
2019-03-15,96.59
2019-03-18,96.52
2019-03-19,96.38
2019-03-20,95.76
2019-03-21,96.5
2019-03-22,96.65
2019-03-25,96.57
2019-03-26,96.74
2019-03-27,96.77
2019-03-28,97.2
2019-03-29,97.28
2019-04-01,97.23
2019-04-02,97.36
2019-04-03,97.09
2019-04-04,97.31
2019-04-05,97.39
2019-04-08,97.05
2019-04-09,97.01
2019-04-10,96.95
2019-04-11,97.18
2019-04-12,96.97
2019-04-15,96.94
2019-04-16,97.04
2019-04-17,97.01
2019-04-18,97.47
2019-04-19,97.38
2019-04-22,97.29
2019-04-23,97.64
2019-04-24,98.17
2019-04-25,98.2
2019-04-26,98.01
2019-04-29,97.86
2019-04-30,97.48
2019-05-01,97.69
2019-05-02,97.83
2019-05-03,97.52
2019-05-06,97.52
2019-05-07,97.63
2019-05-08,97.62
2019-05-09,97.37
2019-05-10,97.33
2019-05-13,97.32
2019-05-14,97.53
2019-05-15,97.57
2019-05-16,97.86
2019-05-17,98.0
2019-05-20,97.93
2019-05-21,98.06
2019-05-22,98.04
2019-05-23,97.86
2019-05-24,97.61
2019-05-27,97.61
2019-05-28,97.95
2019-05-29,98.14
2019-05-30,98.14
2019-05-31,97.75
2019-06-03,97.14
2019-06-04,97.07
2019-06-05,97.32
2019-06-06,97.04
2019-06-07,96.54
2019-06-10,96.76
2019-06-11,96.69
2019-06-12,97.0
2019-06-13,97.01
2019-06-14,97.57
2019-06-17,97.56
2019-06-18,97.64
2019-06-19,97.12
2019-06-20,96.63
2019-06-21,96.22
2019-06-24,95.98
2019-06-25,96.14
2019-06-26,96.21
2019-06-27,96.19
2019-06-28,96.13
2019-07-01,96.84
2019-07-02,96.73
2019-07-03,96.77
2019-07-04,96.77
2019-07-05,97.29
2019-07-08,97.38
2019-07-09,97.49
2019-07-10,97.1
2019-07-11,97.05
2019-07-12,96.81
2019-07-15,96.93
2019-07-16,97.39
2019-07-17,97.22
2019-07-18,96.79
2019-07-19,97.15
2019-07-22,97.26
2019-07-23,97.7
2019-07-24,97.73
2019-07-25,97.82
2019-07-26,98.01
2019-07-29,98.04
2019-07-30,98.05
2019-07-31,98.52
2019-08-01,98.37
2019-08-02,98.07
2019-08-05,97.52
2019-08-06,97.63
2019-08-07,97.54
2019-08-08,97.62
2019-08-09,97.49
2019-08-12,97.38
2019-08-13,97.81
2019-08-14,97.99
2019-08-15,98.14
2019-08-16,98.14
2019-08-19,98.35
2019-08-20,98.19
2019-08-21,98.3
2019-08-22,98.17
2019-08-23,97.64
2019-08-26,98.08
2019-08-27,98.0
2019-08-28,98.21
2019-08-29,98.51
2019-08-30,98.92
2019-09-02,98.92
2019-09-03,99.0
2019-09-04,98.45
2019-09-05,98.41
2019-09-06,98.39
2019-09-09,98.28
2019-09-10,98.33
2019-09-11,98.64
2019-09-12,98.31
2019-09-13,98.26
2019-09-16,98.61
2019-09-17,98.26
2019-09-18,98.56
2019-09-19,98.27
2019-09-20,98.51
2019-09-23,98.6
2019-09-24,98.34
2019-09-25,99.04
2019-09-26,99.13
2019-09-27,99.11
2019-09-30,99.38
2019-10-01,99.13
2019-10-02,99.02
2019-10-03,98.86
2019-10-04,98.81
2019-10-07,98.97
2019-10-08,99.13
2019-10-09,99.12
2019-10-10,98.7
2019-10-11,98.3
2019-10-14,98.45
2019-10-15,98.29
2019-10-16,98.0
2019-10-17,97.61
2019-10-18,97.28
2019-10-21,97.33
2019-10-22,97.53
2019-10-23,97.49
2019-10-24,97.63
2019-10-25,97.83
2019-10-28,97.76
2019-10-29,97.69
2019-10-30,97.65
2019-10-31,97.35
2019-11-01,97.24
2019-11-04,97.5
2019-11-05,97.98
2019-11-06,97.95
2019-11-07,98.14
2019-11-08,98.35
2019-11-11,98.2
2019-11-12,98.31
2019-11-13,98.37
2019-11-14,98.16
2019-11-15,98.0
2019-11-18,97.79
2019-11-19,97.86
2019-11-20,97.93
2019-11-21,97.99
2019-11-22,98.27
2019-11-25,98.32
2019-11-26,98.25
2019-11-27,98.37
2019-11-28,98.37
2019-11-29,98.27
2019-12-02,97.86
2019-12-03,97.74
2019-12-04,97.65
2019-12-05,97.41
2019-12-06,97.7
2019-12-09,97.64
2019-12-10,97.41
2019-12-11,97.08
2019-12-12,97.4
2019-12-13,97.17
2019-12-16,97.02
2019-12-17,97.22
2019-12-18,97.4
2019-12-19,97.38
2019-12-20,97.69
2019-12-23,97.66
2019-12-24,97.65
2019-12-25,97.65
2019-12-26,97.53
2019-12-27,96.92
2019-12-30,96.74
2019-12-31,96.39
2020-01-01,96.39
2020-01-02,96.85
2020-01-03,96.84
2020-01-06,96.67
2020-01-07,97.0
2020-01-08,97.3
2020-01-09,97.45
2020-01-10,97.36
2020-01-13,97.34
2020-01-14,97.37
2020-01-15,97.23
2020-01-16,97.32
2020-01-17,97.64
2020-01-20,97.61
2020-01-21,97.53
2020-01-22,97.53
2020-01-23,97.69
2020-01-24,97.85
2020-01-27,97.96
2020-01-28,98.02
2020-01-29,97.99
2020-01-30,97.87
2020-01-31,97.39
2020-02-03,97.8
2020-02-04,97.96
2020-02-05,98.3
2020-02-06,98.5
2020-02-07,98.68
2020-02-10,98.83
2020-02-11,98.72
2020-02-12,99.05
2020-02-13,99.07
2020-02-14,99.12
2020-02-17,99.0
2020-02-18,99.44
2020-02-19,99.71
2020-02-20,99.86
2020-02-21,99.26
2020-02-24,99.36
2020-02-25,98.97
2020-02-26,99.0
2020-02-27,98.51
2020-02-28,98.13
2020-03-02,97.36
2020-03-03,97.15
2020-03-04,97.34
2020-03-05,96.82
2020-03-06,95.95
2020-03-09,94.89
2020-03-10,96.41
2020-03-11,96.51
2020-03-12,97.47
2020-03-13,98.75
2020-03-16,98.07
2020-03-17,99.57
2020-03-18,101.16
2020-03-19,102.75
2020-03-20,102.82
2020-03-23,102.49
2020-03-24,102.04
2020-03-25,101.05
2020-03-26,99.35
2020-03-27,98.36
2020-03-30,99.18
2020-03-31,99.05
2020-04-01,99.67
2020-04-02,100.18
2020-04-03,100.58
2020-04-06,100.68
2020-04-07,99.9
2020-04-08,100.12
2020-04-09,99.52
2020-04-10,99.52
2020-04-13,99.35
2020-04-14,98.89
2020-04-15,99.46
2020-04-16,100.03
2020-04-17,99.78
2020-04-20,99.96
2020-04-21,100.26
2020-04-22,100.39
2020-04-23,100.43
2020-04-24,100.38
2020-04-27,100.04
2020-04-28,99.86
2020-04-29,99.57
2020-04-30,99.02
2020-05-01,99.08
2020-05-04,99.48
2020-05-05,99.71
2020-05-06,100.09
2020-05-07,99.89
2020-05-08,99.73
2020-05-11,100.24
2020-05-12,99.93
2020-05-13,100.24
2020-05-14,100.47
2020-05-15,100.4
2020-05-18,99.67
2020-05-19,99.37
2020-05-20,99.12
2020-05-21,99.37
2020-05-22,99.86
2020-05-25,99.86
2020-05-26,98.91
2020-05-27,99.06
2020-05-28,98.38
2020-05-29,98.34
2020-06-01,97.83
2020-06-02,97.67
2020-06-03,97.28
2020-06-04,96.68
2020-06-05,96.94
2020-06-08,96.62
2020-06-09,96.32
2020-06-10,95.96
2020-06-11,96.73
2020-06-12,97.32
2020-06-15,96.71
2020-06-16,96.96
2020-06-17,97.16
2020-06-18,97.42
2020-06-19,97.62
2020-06-22,97.04
2020-06-23,96.65
2020-06-24,97.15
2020-06-25,97.43
2020-06-26,97.43
2020-06-29,97.54
2020-06-30,97.39
2020-07-01,97.2
2020-07-02,97.32
2020-07-03,97.17
2020-07-06,96.72
2020-07-07,96.88
2020-07-08,96.43
2020-07-09,96.7
2020-07-10,96.65
2020-07-13,96.46
2020-07-14,96.26
2020-07-15,96.08
2020-07-16,96.35
2020-07-17,95.94
2020-07-20,95.83
2020-07-21,95.12
2020-07-22,94.99
2020-07-23,94.69
2020-07-24,94.43
2020-07-27,93.67
2020-07-28,93.7
2020-07-29,93.45
2020-07-30,93.02
2020-07-31,93.35
2020-08-03,93.54
2020-08-04,93.38
2020-08-05,92.87
2020-08-06,92.79
2020-08-07,93.43
2020-08-10,93.58
2020-08-11,93.63
2020-08-12,93.44
2020-08-13,93.33
2020-08-14,93.1
2020-08-17,92.85
2020-08-18,92.27
2020-08-19,92.89
2020-08-20,92.79
2020-08-21,93.25
2020-08-24,93.3
2020-08-25,93.02
2020-08-26,93.01
2020-08-27,93.0
2020-08-28,92.37
2020-08-31,92.14
2020-09-01,92.34
2020-09-02,92.85
2020-09-03,92.74
2020-09-04,92.72
2020-09-07,92.72
2020-09-08,93.44
2020-09-09,93.25
2020-09-10,93.34
2020-09-11,93.33
2020-09-14,93.05
2020-09-15,93.05
2020-09-16,93.21
2020-09-17,92.97
2020-09-18,92.93
2020-09-21,93.66
2020-09-22,93.99
2020-09-23,94.39
2020-09-24,94.35
2020-09-25,94.64
2020-09-28,94.28
2020-09-29,93.89
2020-09-30,93.89
2020-10-01,93.71
2020-10-02,93.84
2020-10-05,93.51
2020-10-06,93.69
2020-10-07,93.63
2020-10-08,93.61
2020-10-09,93.06
2020-10-12,93.07
2020-10-13,93.53
2020-10-14,93.38
2020-10-15,93.86
2020-10-16,93.68
2020-10-19,93.43
2020-10-20,93.07
2020-10-21,92.61
2020-10-22,92.95
2020-10-23,92.77
2020-10-26,93.04
2020-10-27,92.94
2020-10-28,93.4
2020-10-29,93.96
2020-10-30,94.04
2020-11-02,94.13
2020-11-03,93.55
2020-11-04,93.41
2020-11-05,92.53
2020-11-06,92.23
2020-11-09,92.72
2020-11-10,92.75
2020-11-11,93.04
2020-11-12,92.96
2020-11-13,92.75
2020-11-16,92.64
2020-11-17,92.42
2020-11-18,92.32
2020-11-19,92.29
2020-11-20,92.39
2020-11-23,92.5
2020-11-24,92.23
2020-11-25,91.99
2020-11-26,91.99
2020-11-27,91.79
2020-11-30,91.87
2020-12-01,91.31
2020-12-02,91.12
2020-12-03,90.71
2020-12-04,90.7
2020-12-07,90.79
2020-12-08,90.96
2020-12-09,91.09
2020-12-10,90.82
2020-12-11,90.98
2020-12-14,90.71
2020-12-15,90.47
2020-12-16,90.45
2020-12-17,89.82
2020-12-18,90.02
2020-12-21,90.04
2020-12-22,90.65
2020-12-23,90.41
2020-12-24,90.32
2020-12-25,90.32
2020-12-28,90.34
2020-12-29,89.99
2020-12-30,89.68
2020-12-31,89.94
2021-01-01,89.94
2021-01-04,89.87
2021-01-05,89.44
2021-01-06,89.53
2021-01-07,89.83
2021-01-08,90.1
2021-01-11,90.46
2021-01-12,90.09
2021-01-13,90.36
2021-01-14,90.24
2021-01-15,90.77
2021-01-18,90.76
2021-01-19,90.5
2021-01-20,90.47
2021-01-21,90.13
2021-01-22,90.24
2021-01-25,90.39
2021-01-26,90.17
2021-01-27,90.65
2021-01-28,90.46
2021-01-29,90.58
2021-02-01,90.98
2021-02-02,91.2
2021-02-03,91.17
2021-02-04,91.53
2021-02-05,91.04
2021-02-08,90.93
2021-02-09,90.44
2021-02-10,90.37
2021-02-11,90.42
2021-02-12,90.48
2021-02-15,90.48
2021-02-16,90.51
2021-02-17,90.95
2021-02-18,90.59
2021-02-19,90.36
2021-02-22,90.01
2021-02-23,90.17
2021-02-24,90.18
2021-02-25,90.13
2021-02-26,90.88
2021-03-01,91.04
2021-03-02,90.79
2021-03-03,90.95
2021-03-04,91.63
2021-03-05,91.98
2021-03-08,92.31
2021-03-09,91.96
2021-03-10,91.82
2021-03-11,91.42
2021-03-12,91.68
2021-03-15,91.83
2021-03-16,91.86
2021-03-17,91.44
2021-03-18,91.86
2021-03-19,91.92
2021-03-22,91.74
2021-03-23,92.34
2021-03-24,92.53
2021-03-25,92.53
2021-03-26,92.77
2021-03-29,92.94
2021-03-30,93.3
2021-03-31,93.23
2021-04-01,92.93
2021-04-02,93.02
2021-04-05,92.6
2021-04-06,92.33
2021-04-07,92.46
2021-04-08,92.06
2021-04-09,92.16
2021-04-12,92.14
2021-04-13,91.85
2021-04-14,91.69
2021-04-15,91.69
2021-04-16,91.56
2021-04-19,91.07
2021-04-20,91.24
2021-04-21,91.15
2021-04-22,91.33
2021-04-23,90.86
2021-04-26,90.81
2021-04-27,90.91
2021-04-28,90.61
2021-04-29,90.61
2021-04-30,91.28
2021-05-03,90.94
2021-05-04,91.29
2021-05-05,91.31
2021-05-06,90.95
2021-05-07,90.23
2021-05-10,90.21
2021-05-11,90.14
2021-05-12,90.71
2021-05-13,90.75
2021-05-14,90.32
2021-05-17,90.16
2021-05-18,89.75
2021-05-19,90.19
2021-05-20,89.81
2021-05-21,90.02
2021-05-24,89.84
2021-05-25,89.64
2021-05-26,90.04
2021-05-27,89.97
2021-05-28,90.03
2021-05-31,90.03
2021-06-01,89.83
2021-06-02,89.91
2021-06-03,90.51
2021-06-04,90.14
2021-06-07,89.95
2021-06-08,90.08
2021-06-09,90.12
2021-06-10,90.07
2021-06-11,90.56
2021-06-14,90.52
2021-06-15,90.54
2021-06-16,91.13
2021-06-17,91.89
2021-06-18,92.22
2021-06-21,91.9
2021-06-22,91.76
2021-06-23,91.8
2021-06-24,91.81
2021-06-25,91.85
2021-06-28,91.89
2021-06-29,92.05
2021-06-30,92.44
2021-07-01,92.6
2021-07-02,92.23
2021-07-05,92.21
2021-07-06,92.55
2021-07-07,92.64
2021-07-08,92.42
2021-07-09,92.13
2021-07-12,92.26
2021-07-13,92.75
2021-07-14,92.41
2021-07-15,92.62
2021-07-16,92.69
2021-07-19,92.89
2021-07-20,92.97
2021-07-21,92.75
2021-07-22,92.82
2021-07-23,92.91
2021-07-26,92.65
2021-07-27,92.43
2021-07-28,92.32
2021-07-29,91.86
2021-07-30,92.17
2021-08-02,92.05
2021-08-03,92.08
2021-08-04,92.27
2021-08-05,92.24
2021-08-06,92.8
2021-08-09,92.94
2021-08-10,93.06
2021-08-11,92.92
2021-08-12,93.04
2021-08-13,92.52
2021-08-16,92.63
2021-08-17,93.13
2021-08-18,93.14
2021-08-19,93.57
2021-08-20,93.5
2021-08-23,92.96
2021-08-24,92.89
2021-08-25,92.82
2021-08-26,93.06
2021-08-27,92.69
2021-08-30,92.65
2021-08-31,92.63
2021-09-01,92.45
2021-09-02,92.22
2021-09-03,92.04
2021-09-06,92.04
2021-09-07,92.51
2021-09-08,92.65
2021-09-09,92.48
2021-09-10,92.58
2021-09-13,92.68
2021-09-14,92.62
2021-09-15,92.55
2021-09-16,92.93
2021-09-17,93.19
2021-09-20,93.28
2021-09-21,93.2
2021-09-22,93.46
2021-09-23,93.03
2021-09-24,93.33
2021-09-27,93.38
2021-09-28,93.77
2021-09-29,94.34
2021-09-30,94.23
2021-10-01,94.04
2021-10-04,93.78
2021-10-05,93.97
2021-10-06,94.27
2021-10-07,94.22
2021-10-08,94.07
2021-10-11,94.32
2021-10-12,94.52
2021-10-13,94.08
2021-10-14,93.96
2021-10-15,93.94
2021-10-18,93.95
2021-10-19,93.73
2021-10-20,93.56
2021-10-21,93.77
2021-10-22,93.64
2021-10-25,93.81
2021-10-26,93.95
2021-10-27,93.8
2021-10-28,93.35
2021-10-29,94.12
2021-11-01,93.88
2021-11-02,94.09
2021-11-03,93.86
2021-11-04,94.35
2021-11-05,94.32
2021-11-08,94.05
2021-11-09,93.96
2021-11-10,94.85
2021-11-11,95.18
2021-11-12,95.13
2021-11-15,95.41
2021-11-16,95.92
2021-11-17,95.83
2021-11-18,95.54
2021-11-19,96.03
2021-11-22,96.55
2021-11-23,96.49
2021-11-24,96.88
2021-11-25,96.77
2021-11-26,96.09
2021-11-29,96.34
2021-11-30,95.99
2021-12-01,96.03
2021-12-02,96.16
2021-12-03,96.12
2021-12-06,96.33
2021-12-07,96.37
2021-12-08,95.89
2021-12-09,96.27
2021-12-10,96.1
2021-12-13,96.32
2021-12-14,96.57
2021-12-15,96.51
2021-12-16,96.04
2021-12-17,96.57
2021-12-20,96.55
2021-12-21,96.49
2021-12-22,96.08
2021-12-23,96.02
2021-12-27,96.09
2021-12-28,96.2
2021-12-29,95.93
2021-12-30,95.97
2021-12-31,95.97
