Date,Open,High,Low,Close
2012-01-03,37.99,37.99,37.21,37.27
2012-01-04,37.32,37.5,37.17,37.39
2012-01-05,37.43,37.88,37.39,37.74
2012-01-06,37.9,37.92,37.5,37.55
2012-01-09,37.63,37.77,37.45,37.72
2012-01-10,38.04,38.04,37.91,38.02
2012-01-11,38.0,38.02,37.74,37.93
2012-01-12,38.1,38.27,37.97,38.22
2012-01-13,38.18,38.2,37.72,37.77
2012-01-17,38.1,38.53,38.03,38.13
2012-01-18,38.19,38.81,38.17,38.72
2012-01-19,38.78,38.84,38.46,38.7
2012-01-20,38.72,38.77,38.36,38.67
2012-01-23,38.57,38.64,38.22,38.47
2012-01-24,38.42,38.59,38.2,38.3
2012-01-25,38.15,38.45,38.13,38.37
2012-01-26,38.55,38.9,38.39,38.6
2012-01-27,38.63,38.63,38.28,38.47
2012-01-30,38.28,38.32,38.03,38.18
2012-01-31,38.23,38.34,38.03,38.3
2012-02-01,38.57,38.78,38.45,38.47
2012-02-02,38.66,38.7,38.5,38.58
2012-02-03,38.9,39.06,38.78,38.88
2012-02-06,38.9,38.93,38.62,38.7
2012-02-07,38.58,38.61,38.36,38.51
2012-02-08,38.49,38.65,38.4,38.54
2012-02-09,38.58,38.77,38.57,38.64
2012-02-10,38.44,38.63,38.36,38.58
2012-02-13,38.73,38.75,38.36,38.4
2012-02-14,38.38,38.61,38.34,38.5
2012-02-15,38.53,38.72,38.22,38.29
2012-02-16,38.48,38.56,38.19,38.24
2012-02-17,38.21,38.22,37.8,38.01
2012-02-21,38.65,38.81,38.32,38.57
2012-02-22,38.48,38.6,37.88,37.99
2012-02-23,37.95,38.13,37.87,37.98
2012-02-24,38.05,38.05,37.78,37.88
2012-02-27,37.58,38.2,37.58,37.91
2012-02-28,37.96,38.2,37.83,38.0
2012-02-29,38.03,38.17,37.84,38.07
2012-03-01,38.03,38.17,37.92,38.01
2012-03-02,37.97,38.33,37.97,38.25
2012-03-05,38.23,38.49,38.21,38.35
2012-03-06,38.32,38.52,38.16,38.27
2012-03-07,37.92,37.97,37.59,37.83
2012-03-08,38.08,38.09,37.86,37.91
2012-03-09,37.95,37.97,37.81,37.95
2012-03-12,37.86,38.22,37.84,38.12
2012-03-13,38.3,38.55,38.27,38.52
2012-03-14,38.61,38.61,38.1,38.17
2012-03-15,38.17,38.3,38.0,38.3
2012-03-16,38.45,38.5,38.14,38.38
2012-03-19,38.35,38.5,38.27,38.35
2012-03-20,38.24,38.5,38.2,38.35
2012-03-21,38.33,38.47,38.17,38.31
2012-03-22,38.3,38.35,38.06,38.21
2012-03-23,38.24,38.34,38.13,38.25
2012-03-26,38.37,38.63,38.37,38.63
2012-03-27,38.64,38.65,38.32,38.36
2012-03-28,38.13,38.23,37.9,37.97
2012-03-29,37.96,37.99,37.69,37.81
2012-03-30,37.86,38.26,37.84,38.01
2012-04-02,38.03,38.49,38.03,38.38
2012-04-03,38.44,38.47,38.23,38.29
2012-04-04,38.18,38.36,38.13,38.22
2012-04-05,38.1,38.16,37.82,38.04
2012-04-09,37.78,37.86,37.56,37.59
2012-04-10,37.55,37.56,37.0,37.02
2012-04-11,37.23,37.31,36.76,36.87
2012-04-12,36.88,37.15,36.85,37.14
2012-04-13,37.1,37.51,37.1,37.35
2012-04-16,37.36,37.72,37.3,37.58
2012-04-17,37.81,38.53,37.74,38.48
2012-04-18,38.32,38.42,38.17,38.24
2012-04-19,38.36,38.37,38.06,38.2
2012-04-20,38.26,38.75,38.25,38.54
2012-04-23,38.26,38.28,37.88,37.99
2012-04-24,38.1,38.52,38.1,38.36
2012-04-25,38.54,38.87,38.52,38.74
2012-04-26,38.7,39.09,38.68,39.0
2012-04-27,39.17,39.54,39.15,39.4
2012-04-30,39.77,39.92,39.57,39.87
2012-05-01,39.77,39.98,39.67,39.76
2012-05-02,39.73,39.92,39.62,39.7
2012-05-03,39.55,39.71,39.35,39.59
2012-05-04,39.53,39.78,39.24,39.25
2012-05-07,39.25,39.48,39.16,39.26
2012-05-08,39.15,39.37,39.07,39.17
2012-05-09,38.86,39.14,38.84,38.87
2012-05-10,39.09,39.2,38.87,39.06
2012-05-11,38.98,39.26,38.93,39.04
2012-05-14,38.9,39.25,38.8,39.04
2012-05-15,39.11,39.2,38.76,38.82
2012-05-16,38.87,38.92,38.61,38.61
2012-05-17,38.55,38.72,38.33,38.35
2012-05-18,38.42,38.79,38.35,38.49
2012-05-21,38.63,38.75,38.37,38.59
2012-05-22,38.59,38.89,38.52,38.81
2012-05-23,38.67,38.9,38.29,38.4
2012-05-24,38.37,38.73,38.36,38.69
2012-05-25,38.65,38.71,38.44,38.57
2012-05-29,38.73,38.83,38.47,38.65
2012-05-30,38.31,38.48,38.23,38.41
2012-05-31,38.37,38.49,38.21,38.27
2012-06-01,37.99,38.09,37.56,37.57
2012-06-04,37.47,37.72,37.4,37.65
2012-06-05,37.53,37.69,37.28,37.6
2012-06-06,37.69,37.98,37.67,37.98
2012-06-07,38.3,38.44,38.0,38.15
2012-06-08,38.23,38.33,38.17,38.24
2012-06-11,38.42,38.57,38.12,38.14
2012-06-12,38.29,38.5,38.2,38.39
2012-06-13,38.35,38.57,38.18,38.44
2012-06-14,38.57,38.88,38.49,38.72
2012-06-15,38.95,39.14,38.64,38.64
2012-06-18,38.71,39.21,38.7,38.98
2012-06-19,39.03,39.15,38.81,39.0
2012-06-20,38.94,39.15,38.74,39.02
2012-06-21,39.09,39.32,38.75,38.8
2012-06-22,38.87,38.97,38.75,38.85
2012-06-25,38.65,38.7,38.36,38.61
2012-06-26,38.33,38.33,37.8,37.8
2012-06-27,37.61,37.66,37.33,37.43
2012-06-28,37.23,37.74,37.13,37.71
2012-06-29,38.2,38.59,37.93,38.59
2012-07-16,39.88,39.92,39.43,39.6
2012-07-17,39.78,39.99,39.43,39.81
2012-07-18,39.81,40.01,39.71,39.96
2012-07-19,40.13,40.29,39.9,40.2
2012-07-20,40.01,40.25,39.59,40.07
2012-07-23,39.58,39.58,39.04,39.28
2012-07-24,39.27,39.32,38.9,39.11
2012-07-25,39.15,39.15,38.82,38.93
2012-07-26,39.45,39.75,39.29,39.43
2012-07-27,39.86,39.86,39.39,39.47
2012-07-30,39.56,39.66,39.45,39.52
2012-07-31,39.47,39.77,39.22,39.73
2012-08-01,39.8,39.94,39.25,39.39
2012-08-02,39.02,39.29,38.75,38.94
2012-08-03,39.95,40.89,39.94,40.51
2012-08-06,41.04,41.5,40.55,40.6
2012-08-07,40.78,40.98,40.6,40.87
2012-08-08,40.85,41.26,40.84,41.1
2012-08-09,41.07,41.24,40.65,41.07
2012-08-10,40.8,40.97,40.61,40.92
2012-08-13,40.96,41.1,40.87,41.0
2012-08-14,41.03,41.14,40.78,40.9
2012-08-15,40.89,40.94,40.55,40.7
2012-08-16,40.52,40.77,40.42,40.7
2012-08-17,40.74,40.74,40.32,40.5
2012-08-20,40.31,40.79,40.25,40.77
2012-08-21,40.71,41.4,40.68,41.11
2012-08-22,41.18,41.6,40.75,41.01
2012-08-23,40.93,41.39,40.81,41.27
2012-08-24,41.1,41.9,41.1,41.87
2012-08-27,41.84,41.9,41.66,41.73
2012-08-28,41.77,42.0,41.71,41.86
2012-08-29,41.87,41.95,41.64,41.67
2012-08-30,41.44,41.6,41.23,41.35
2012-08-31,41.74,41.93,41.42,41.51
2012-09-04,41.3,41.95,41.26,41.84
2012-09-05,41.85,42.0,41.39,41.67
2012-09-06,41.78,42.44,41.7,42.31
2012-09-07,40.84,40.91,39.7,39.99
2012-09-10,40.37,40.76,40.18,40.21
2012-09-11,40.17,40.29,39.62,39.77
2012-09-12,39.8,39.92,39.5,39.58
2012-09-13,39.53,40.25,39.53,40.13
2012-09-14,39.93,40.17,39.73,39.93
2012-09-17,44.0,45.57,43.06,45.1
2012-09-18,45.82,45.99,45.0,45.67
2012-09-19,45.74,46.38,45.5,46.0
2012-09-20,45.94,46.9,45.5,46.45
2012-09-21,47.3,47.3,45.16,45.98
2012-09-24,46.5,46.5,45.08,46.0
2012-09-25,46.0,46.13,45.2,45.25
2012-09-26,45.8,45.91,44.75,44.75
2012-09-27,44.94,45.14,44.01,44.78
2012-09-28,45.05,46.5,44.2,44.63
2012-10-01,45.57,45.62,42.0,44.1
2012-10-02,44.45,46.14,44.44,45.42
2012-10-03,45.55,47.76,44.83,44.87
2012-10-04,45.5,46.68,45.5,46.63
2012-10-05,46.55,47.76,46.5,47.57
2012-10-08,47.92,48.0,46.5,46.59
2012-10-09,46.7,47.29,45.95,47.0
2012-10-10,47.28,47.53,46.2,46.35
2012-10-11,47.0,47.04,45.44,46.46
2012-10-12,46.67,47.41,46.05,47.1
2012-10-15,47.17,47.68,46.78,46.96
2012-10-16,46.9,47.26,46.32,47.25
2012-10-17,47.4,47.74,46.55,46.65
2012-10-18,46.67,46.78,45.91,46.4
2012-10-19,46.42,46.5,45.9,46.03
2012-10-22,46.2,46.85,46.15,46.62
2012-10-23,46.22,46.43,45.94,46.21
2012-10-24,46.08,46.62,45.21,45.52
2012-10-25,45.84,46.17,45.42,45.91
2012-10-26,45.84,45.84,45.11,45.3
2012-10-31,45.62,46.2,44.8,45.46
2012-11-01,45.38,45.65,45.02,45.13
2012-11-02,45.22,45.39,44.53,44.56
2012-11-05,44.47,44.82,44.4,44.77
2012-11-06,45.2,45.29,44.69,44.7
2012-11-07,45.5,45.57,44.31,44.57
2012-11-08,44.8,45.09,43.69,43.77
2012-11-09,43.82,44.28,43.4,43.66
2012-11-12,43.62,44.28,43.25,43.94
2012-11-13,43.81,44.26,43.65,43.96
2012-11-14,44.15,44.96,43.67,44.34
2012-11-15,44.08,44.46,43.5,43.92
2012-11-16,43.81,44.31,43.46,44.19
2012-11-19,44.47,45.0,44.28,44.89
2012-11-20,44.9,44.9,44.45,44.88
2012-11-21,44.81,45.14,44.4,44.51
2012-11-23,44.41,45.3,44.41,45.28
2012-11-26,45.0,45.18,44.06,44.31
2012-11-27,44.31,45.47,44.1,45.33
2012-11-28,44.92,45.91,44.27,45.82
2012-11-29,45.96,46.01,45.5,45.94
2012-11-30,45.13,46.37,45.11,45.24
2012-12-03,45.26,45.87,45.1,45.69
2012-12-04,45.65,45.89,45.36,45.7
2012-12-05,45.91,46.6,45.67,45.78
2012-12-06,45.64,45.99,45.12,45.15
2012-12-07,45.39,45.4,44.46,44.67
2012-12-10,44.52,45.21,44.27,44.32
2012-12-11,44.32,44.99,44.32,44.83
2012-12-12,44.91,46.08,44.9,45.7
2012-12-13,46.13,46.24,45.7,46.01
2012-12-14,46.22,46.63,46.11,46.62
2012-12-17,46.64,46.65,45.99,46.33
2012-12-18,46.44,46.63,46.1,46.55
2012-12-19,46.4,46.6,46.05,46.36
2012-12-20,46.54,46.65,46.3,46.43
2012-12-21,46.0,46.43,45.49,45.53
2012-12-24,45.66,45.86,45.34,45.45
2012-12-26,45.41,45.44,44.61,44.65
2012-12-27,44.43,44.51,44.08,44.39
2012-12-28,44.36,44.6,44.15,44.41
2012-12-31,44.18,45.48,44.16,45.47
2013-01-02,46.49,46.5,45.38,45.76
2013-01-03,45.7,45.74,45.21,45.58
2013-01-04,45.66,46.05,45.16,45.37
2013-01-07,45.2,46.07,45.15,46.03
2013-01-08,46.02,46.06,45.56,45.62
2013-01-09,45.61,46.5,45.61,46.39
2013-01-10,46.55,46.67,45.84,46.01
2013-01-11,46.2,46.44,45.86,46.37
2013-01-14,46.64,46.97,46.36,46.85
2013-01-15,46.78,46.94,46.18,46.71
2013-01-16,46.76,47.1,46.43,46.51
2013-01-17,46.8,47.11,46.73,46.92
2013-01-18,47.0,47.09,46.59,47.05
2013-01-22,47.11,47.43,46.28,47.09
2013-01-23,47.13,47.2,46.65,46.74
2013-01-24,46.89,46.98,46.48,46.91
2013-01-25,47.34,47.53,46.99,47.14
2013-01-28,47.5,47.59,46.89,47.0
2013-01-29,47.01,47.38,46.83,47.05
2013-01-30,47.14,47.31,46.66,46.72
2013-01-31,46.5,46.71,46.18,46.22
2013-02-01,46.62,46.85,46.16,46.6
2013-02-04,46.78,46.86,46.17,46.4
2013-02-05,46.54,47.44,46.48,47.02
2013-02-06,47.0,47.45,46.87,47.01
2013-02-07,47.07,47.23,46.42,46.66
2013-02-08,46.93,47.06,46.5,46.9
2013-02-11,46.94,47.4,46.91,47.29
2013-02-12,47.49,47.5,47.05,47.24
2013-02-13,47.2,47.2,46.56,46.77
2013-02-14,47.4,47.65,46.87,47.16
2013-02-15,47.3,47.45,47.0,47.17
2013-02-19,47.21,47.8,47.21,47.37
2013-02-20,47.58,47.61,47.17,47.23
2013-02-21,47.23,47.34,46.65,46.85
2013-02-22,47.05,47.54,46.85,47.46
2013-02-25,47.77,47.79,46.73,46.74
2013-02-26,46.92,47.4,46.8,47.27
2013-02-27,47.29,47.87,47.11,47.67
2013-02-28,47.81,48.91,47.73,48.48
2013-03-01,48.25,48.66,47.81,48.57
2013-03-04,48.4,49.16,48.4,49.15
2013-03-05,49.43,49.5,49.0,49.19
2013-03-06,49.57,49.75,49.11,49.19
2013-03-07,49.37,49.39,48.88,49.04
2013-03-08,49.37,50.0,49.23,49.71
2013-03-11,49.95,50.33,49.79,49.99
2013-03-12,50.11,50.63,49.93,50.55
2013-03-13,50.49,50.84,49.95,50.74
2013-03-14,50.79,50.85,50.27,50.47
2013-03-15,50.16,50.65,49.93,50.27
2013-03-18,49.94,50.83,49.85,50.65
2013-03-19,50.88,50.9,50.2,50.58
2013-03-20,51.05,51.57,50.93,51.51
2013-03-21,51.31,51.9,51.25,51.66
2013-03-22,51.85,52.29,51.03,51.19
2013-03-25,51.51,51.95,51.0,51.25
2013-03-26,51.07,51.38,50.86,51.36
2013-03-27,51.11,51.45,50.81,51.37
2013-03-28,51.31,51.7,51.14,51.53
2013-04-01,51.38,52.1,51.26,51.89
2013-04-02,51.99,52.51,51.64,52.37
2013-04-03,52.49,52.49,51.4,51.66
2013-04-04,51.66,52.01,51.53,51.85
2013-04-05,51.5,51.54,51.14,51.24
2013-04-08,51.41,51.8,51.0,51.73
2013-04-09,51.75,52.21,50.51,50.7
2013-04-10,50.95,51.43,50.93,51.36
2013-04-11,51.61,51.93,50.89,51.0
2013-04-12,51.22,52.11,50.97,52.07
2013-04-15,51.74,51.88,50.71,50.72
2013-04-16,51.04,51.56,50.75,51.49
2013-04-17,51.11,51.23,50.13,50.42
2013-04-18,50.5,50.78,49.79,50.09
2013-04-19,49.86,50.72,49.86,50.35
2013-04-22,50.59,50.81,50.02,50.64
2013-04-23,50.87,51.23,50.37,51.19
2013-04-24,51.25,51.52,50.63,50.68
2013-04-25,50.9,51.31,50.69,51.28
2013-04-26,51.46,51.7,50.77,50.92
2013-04-29,51.27,52.06,51.25,51.57
2013-04-30,51.4,51.73,51.08,51.49
2013-05-01,51.19,51.41,50.78,51.07
2013-05-02,51.16,51.89,50.04,50.53
2013-05-03,53.0,54.1,52.37,53.11
2013-05-06,53.07,53.65,52.61,53.39
2013-05-07,53.31,55.69,53.24,54.85
2013-05-08,54.93,55.12,54.24,55.02
2013-05-09,55.5,55.57,54.73,55.05
2013-05-10,55.19,55.54,55.05,55.22
2013-05-13,55.27,55.35,54.21,54.4
2013-05-14,54.3,54.81,53.95,54.77
2013-05-15,54.62,55.26,54.2,55.2
2013-05-16,55.82,55.82,54.97,55.52
2013-05-17,55.74,56.13,54.98,56.11
2013-05-20,56.13,56.27,55.39,56.24
2013-05-21,56.27,57.09,56.13,56.61
2013-05-22,56.56,57.26,56.25,56.95
2013-05-23,56.47,57.16,56.33,56.9
2013-05-24,56.38,57.14,56.0,57.01
2013-05-28,57.38,57.84,56.99,57.54
2013-05-29,57.3,57.54,56.6,56.71
2013-05-30,56.53,56.86,55.39,55.41
2013-05-31,55.47,55.69,54.8,55.13
2013-06-03,55.14,55.39,53.63,54.94
2013-06-04,55.13,55.48,53.71,54.4
2013-06-05,54.18,54.31,53.21,53.3
2013-06-06,53.48,54.04,52.94,53.74
2013-06-07,54.07,54.47,53.22,54.37
2013-06-10,54.48,54.52,53.68,54.51
2013-06-11,54.34,54.48,53.54,54.14
2013-06-12,54.5,54.6,53.44,53.45
2013-06-13,53.6,56.12,53.55,55.99
2013-06-14,55.79,56.48,55.27,55.68
2013-06-17,55.82,56.47,55.46,55.93
2013-06-18,55.9,56.73,55.88,56.65
2013-06-19,56.65,56.74,55.3,55.33
2013-06-20,55.1,55.15,52.91,52.99
2013-06-21,53.3,53.84,52.8,53.46
2013-06-24,53.33,54.22,52.91,53.82
2013-06-25,54.35,55.14,54.04,54.69
2013-06-26,54.65,55.13,53.67,54.34
2013-06-27,54.54,55.75,54.54,55.32
2013-06-28,54.89,56.0,54.89,55.87
2013-07-01,55.75,56.25,54.85,54.98
2013-07-02,55.26,56.07,54.9,55.53
2013-07-03,55.01,55.58,54.89,55.51
2013-07-05,56.0,56.05,55.08,55.24
2013-07-08,55.63,55.97,54.64,55.03
2013-07-09,55.68,56.0,55.28,55.38
2013-07-10,55.51,56.33,55.39,56.06
2013-07-11,56.73,56.87,56.46,56.68
2013-07-12,56.82,57.19,56.44,56.69
2013-07-15,56.5,57.75,56.48,57.63
2013-07-16,57.75,57.84,57.34,57.47
2013-07-17,57.45,57.71,57.25,57.35
2013-07-18,57.35,58.05,56.67,57.18
2013-07-19,57.54,57.97,56.7,57.66
2013-07-22,58.44,58.76,57.93,58.29
2013-07-23,58.4,58.4,57.08,57.2
2013-07-24,57.35,57.68,56.07,56.44
2013-07-25,56.18,57.07,56.13,56.86
2013-07-26,56.44,56.7,55.68,56.45
2013-07-29,56.75,57.0,56.37,56.49
2013-07-30,56.51,57.13,56.49,56.64
2013-07-31,56.47,56.94,56.06,56.58
2013-08-01,57.08,57.48,56.78,57.14
2013-08-02,57.05,57.75,56.01,57.5
2013-08-05,56.71,57.05,56.35,56.45
2013-08-06,56.16,56.84,56.16,56.7
2013-08-07,56.25,56.5,55.13,55.2
2013-08-08,55.55,56.47,55.28,56.21
2013-08-09,56.41,56.41,55.76,56.26
2013-08-12,56.0,56.59,55.47,55.55
2013-08-13,55.77,56.37,55.45,56.04
2013-08-14,56.12,56.19,54.55,55.17
2013-08-15,54.62,54.69,53.37,53.5
2013-08-16,53.26,53.34,52.53,52.77
2013-08-19,52.42,52.5,51.91,52.11
2013-08-20,52.45,53.61,52.19,52.63
2013-08-21,52.58,52.76,51.99,52.27
2013-08-22,52.32,53.29,52.27,53.02
2013-08-23,52.99,53.38,52.77,52.82
2013-08-26,53.09,53.09,51.69,52.08
2013-08-27,51.67,52.31,51.53,51.94
2013-08-28,51.75,52.0,51.2,51.57
2013-08-29,51.23,52.29,51.22,51.93
2013-08-30,51.97,52.25,51.53,51.77
2013-09-03,52.49,53.13,52.01,52.36
2013-09-04,52.2,53.2,52.1,52.94
2013-09-05,52.84,53.26,52.68,52.89
2013-09-06,53.43,53.81,52.58,53.21
2013-09-09,53.51,54.44,53.24,54.23
2013-09-10,54.31,54.4,52.64,53.12
2013-09-11,53.0,53.73,53.0,53.64
2013-09-12,53.53,53.64,53.29,53.4
2013-09-13,53.74,54.28,53.33,54.24
2013-09-16,54.68,55.17,54.58,54.79
2013-09-17,54.8,55.2,54.58,55.0
2013-09-18,55.17,55.65,54.38,55.53
2013-09-19,55.5,55.51,53.8,53.98
2013-09-20,53.93,54.45,53.8,54.03
2013-09-23,54.1,54.28,53.57,53.98
2013-09-24,54.11,54.11,52.95,53.04
2013-09-25,53.1,53.32,52.44,52.64
2013-09-26,52.9,53.06,52.32,53.04
2013-09-27,52.88,53.1,52.25,52.88
2013-09-30,52.39,52.82,52.08,52.48
2013-10-01,52.46,53.0,52.28,52.96
2013-10-02,52.59,53.08,52.1,53.06
2013-10-03,52.86,53.03,52.12,52.46
2013-10-04,52.51,53.46,52.42,53.22
2013-10-07,52.71,54.36,52.71,53.85
2013-10-08,53.79,53.82,52.71,53.06
2013-10-09,52.55,52.79,51.77,51.88
2013-10-10,52.35,52.94,52.25,52.57
2013-10-11,52.42,52.89,52.29,52.34
2013-10-14,52.2,52.49,52.1,52.36
2013-10-15,52.1,52.32,51.72,52.11
2013-10-16,52.45,53.1,52.37,53.06
2013-10-17,52.61,53.88,52.61,53.78
2013-10-18,53.81,53.99,53.62,53.69
2013-10-21,53.71,54.03,53.24,54.01
2013-10-22,54.54,54.95,54.01,54.73
2013-10-23,54.35,54.98,54.16,54.42
2013-10-24,54.64,54.82,54.3,54.61
2013-10-25,54.91,54.97,54.52,54.96
2013-10-28,54.62,55.73,54.62,55.51
2013-10-29,55.68,55.8,55.0,55.79
2013-10-30,55.75,55.93,55.22,55.44
2013-10-31,54.79,54.79,53.08,54.38
2013-11-01,54.51,55.13,54.33,54.63
2013-11-04,54.66,55.03,54.45,54.58
2013-11-05,54.38,54.51,54.09,54.11
2013-11-06,54.3,54.5,54.07,54.37
2013-11-07,54.25,54.38,53.26,53.44
2013-11-08,53.5,53.55,52.37,52.73
2013-11-11,52.61,52.8,52.12,52.38
2013-11-12,52.39,52.5,51.84,51.96
2013-11-13,52.37,52.53,51.97,52.52
2013-11-14,52.71,53.18,52.58,53.02
2013-11-15,53.07,53.13,52.51,53.05
2013-11-18,53.31,53.94,52.8,52.94
2013-11-19,52.96,53.1,52.67,52.87
2013-11-20,53.59,53.59,52.29,52.59
2013-11-21,52.69,52.82,52.09,52.5
2013-11-22,52.13,52.9,52.12,52.72
2013-11-25,52.99,52.99,52.6,52.68
2013-11-26,52.97,53.59,52.8,53.17
2013-11-27,53.1,53.59,53.0,53.39
2013-11-29,53.39,53.69,53.03,53.12
2013-12-02,53.36,53.41,52.76,53.1
2013-12-03,52.91,53.32,52.86,53.03
2013-12-04,52.87,52.99,52.31,52.81
2013-12-05,52.88,52.98,52.45,52.66
2013-12-06,53.05,53.6,53.04,53.55
2013-12-09,54.58,54.92,54.3,54.5
2013-12-10,54.72,54.78,53.66,54.06
2013-12-11,53.86,54.14,53.63,53.73
2013-12-12,53.63,53.69,52.67,52.93
2013-12-13,53.25,53.27,52.47,52.61
2013-12-16,52.72,53.3,52.6,52.84
2013-12-17,52.7,52.75,52.3,52.44
2013-12-18,53.22,53.41,52.41,53.34
2013-12-19,53.42,53.5,52.91,53.18
2013-12-20,53.29,54.05,53.2,54.0
2013-12-23,53.65,54.0,53.51,53.95
2013-12-24,53.33,53.49,53.06,53.32
2013-12-26,53.34,53.71,53.22,53.63
2013-12-27,53.79,53.94,53.56,53.7
2013-12-30,53.67,54.12,53.6,53.94
2013-12-31,53.91,54.21,53.72,53.91
2014-01-02,53.8,53.89,53.43,53.73
2014-01-03,53.7,53.99,53.38,53.45
2014-01-06,53.94,53.94,53.11,53.43
2014-01-07,53.37,54.16,53.32,53.93
2014-01-08,54.32,54.48,52.81,53.25
2014-01-09,53.47,53.72,52.87,53.32
2014-01-10,53.41,53.82,53.12,53.8
2014-01-13,53.65,54.06,53.21,53.49
2014-01-14,53.66,54.71,53.51,54.42
2014-01-15,54.48,54.68,54.0,54.51
2014-01-16,54.34,54.85,54.11,54.69
2014-01-17,54.53,55.11,54.4,54.76
2014-01-21,55.2,55.2,54.05,54.24
2014-01-22,54.43,54.52,54.04,54.4
2014-01-23,54.14,54.25,53.31,53.49
2014-01-24,53.17,53.56,52.67,52.89
2014-01-27,53.04,53.21,52.73,52.84
2014-01-28,52.96,53.1,52.58,52.88
2014-01-29,52.55,52.88,52.06,52.19
2014-01-30,52.59,52.81,52.21,52.68
2014-01-31,52.01,52.6,51.99,52.35
2014-02-03,52.86,52.91,51.07,51.12
2014-02-04,51.24,51.46,50.59,51.06
2014-02-05,51.0,51.32,50.54,51.12
2014-02-06,51.38,51.71,51.25,51.65
2014-02-07,52.11,52.42,51.91,52.3
2014-02-10,52.35,53.29,52.11,53.19
2014-02-11,53.1,53.4,52.91,53.17
2014-02-12,53.45,53.62,53.08,53.42
2014-02-13,53.07,53.75,53.07,53.6
2014-02-14,54.85,55.0,52.56,53.76
2014-02-18,53.89,54.47,53.7,54.33
2014-02-19,54.0,54.69,53.99,54.56
2014-02-20,54.53,55.6,54.53,55.2
2014-02-21,54.97,55.57,54.75,55.09
2014-02-24,55.0,55.63,55.0,55.12
2014-02-25,55.04,55.75,55.04,55.49
2014-02-26,55.69,55.7,54.54,54.88
2014-02-27,54.76,55.18,54.53,55.17
2014-02-28,55.28,55.59,54.96,55.27
2014-03-03,54.88,55.2,54.48,55.1
2014-03-04,55.55,56.02,55.41,55.8
2014-03-05,55.52,55.67,55.32,55.63
2014-03-06,55.8,55.8,55.54,55.62
2014-03-07,55.97,55.99,55.2,55.65
2014-03-10,55.69,56.04,55.46,55.52
2014-03-11,55.54,55.76,55.19,55.42
2014-03-12,55.0,55.72,55.0,55.72
2014-03-13,55.26,56.1,55.14,55.67
2014-03-14,55.34,55.75,55.25,55.47
2014-03-17,55.89,56.0,55.52,55.92
2014-03-18,56.0,56.37,55.68,56.21
2014-03-19,56.34,56.35,55.45,55.77
2014-03-20,55.59,56.05,55.45,56.03
2014-03-21,56.56,56.56,55.35,55.37
2014-03-24,55.69,55.91,55.04,55.44
2014-03-25,55.57,55.87,55.48,55.76
2014-03-26,56.0,56.3,55.83,55.9
2014-03-27,55.74,55.89,55.41,55.54
2014-03-28,55.73,56.0,55.43,55.7
2014-03-31,55.85,56.49,55.73,56.1
2014-04-01,56.16,56.24,55.77,56.11
2014-04-02,55.98,56.76,55.75,56.65
2014-04-03,56.75,57.38,56.59,57.31
2014-04-04,57.7,57.76,56.79,56.8
2014-04-07,56.8,57.97,56.54,57.59
2014-04-08,57.68,57.95,57.12,57.44
2014-04-09,57.03,57.08,56.12,56.21
2014-04-10,56.37,57.07,55.85,55.89
2014-04-11,56.32,56.32,55.47,55.64
2014-04-14,56.09,56.36,55.66,56.21
2014-04-15,56.42,56.56,55.93,56.14
2014-04-16,56.47,56.73,56.15,56.73
2014-04-17,56.43,57.15,56.25,56.91
2014-04-21,56.99,57.07,56.66,56.93
2014-04-22,56.96,57.01,56.03,56.34
2014-04-23,56.3,57.12,56.13,56.93
2014-04-24,57.08,57.13,56.53,56.83
2014-04-25,56.88,56.94,56.5,56.66
2014-04-28,57.0,57.28,56.65,57.13
2014-04-29,57.39,57.39,56.66,56.67
2014-04-30,56.67,56.95,56.56,56.86
2014-05-01,56.9,56.93,56.35,56.69
2014-05-02,57.12,57.18,55.91,56.2
2014-05-05,56.11,56.32,55.71,56.26
2014-05-06,55.87,56.43,55.86,56.06
2014-05-07,56.32,56.96,56.07,56.7
2014-05-08,56.97,57.09,56.31,56.6
2014-05-09,56.67,57.24,56.59,57.24
2014-05-12,57.3,57.69,57.2,57.42
2014-05-13,57.37,57.84,57.36,57.65
2014-05-14,57.59,57.75,57.32,57.51
2014-05-15,57.48,57.54,56.84,57.0
2014-05-16,57.06,57.65,56.81,57.58
2014-05-19,57.33,57.6,57.17,57.51
2014-05-20,57.18,57.62,57.17,57.36
2014-05-21,57.25,57.74,57.17,57.71
2014-05-22,57.62,57.95,57.35,57.83
2014-05-23,58.0,58.43,57.83,58.15
2014-05-27,58.04,58.23,57.97,58.21
2014-05-28,58.04,58.51,58.0,58.33
2014-05-29,58.63,59.04,58.37,59.03
2014-05-30,59.23,59.56,58.71,59.46
2014-06-02,59.23,59.33,58.77,58.97
2014-06-03,58.95,59.11,58.35,58.51
2014-06-04,58.43,58.89,58.3,58.81
2014-06-05,58.96,59.14,58.57,58.96
2014-06-06,59.74,59.88,59.01,59.72
2014-06-09,60.0,60.52,59.74,60.43
2014-06-10,60.24,60.35,59.55,59.93
2014-06-11,59.82,59.97,59.24,59.49
2014-06-12,59.2,59.28,58.81,58.94
2014-06-13,59.04,59.23,58.65,59.01
2014-06-16,58.69,59.32,58.69,59.29
2014-06-17,59.2,59.5,59.15,59.35
2014-06-18,59.15,59.57,58.9,59.52
2014-06-19,59.63,60.19,59.52,60.05
2014-06-20,60.24,60.6,60.0,60.5
2014-06-23,60.21,60.35,59.62,59.75
2014-06-24,59.79,59.83,59.34,59.6
2014-06-25,59.47,59.47,58.9,59.32
2014-06-26,59.32,59.35,58.83,59.3
2014-06-27,59.18,59.67,59.06,59.66
2014-06-30,59.77,60.06,59.42,59.95
2014-07-01,60.06,60.5,59.81,60.33
2014-07-02,60.24,60.52,60.11,60.43
2014-07-03,60.59,60.72,60.44,60.63
2014-07-07,60.79,60.79,60.36,60.63
2014-07-08,60.6,61.1,60.35,60.66
2014-07-09,60.25,60.25,59.66,59.72
2014-07-10,59.94,59.94,59.37,59.45
2014-07-11,59.42,59.85,59.25,59.79
2014-07-14,60.11,60.48,60.01,60.24
2014-07-15,60.3,60.34,59.71,59.79
2014-07-16,59.95,60.08,59.63,59.99
2014-07-17,59.68,59.71,59.13,59.16
2014-07-18,59.52,59.83,59.21,59.79
2014-07-21,59.76,59.85,59.31,59.52
2014-07-22,59.72,60.0,59.7,59.83
2014-07-23,59.86,59.88,58.06,58.3
2014-07-24,58.65,58.75,58.07,58.33
2014-07-25,58.47,58.5,58.17,58.3
2014-07-28,58.47,58.58,58.07,58.2
2014-07-29,57.89,58.47,57.75,57.76
2014-07-30,58.39,58.39,57.07,57.24
2014-07-31,55.78,55.97,53.34,53.59
2014-08-01,53.6,54.79,53.33,54.72
2014-08-04,54.7,55.0,54.47,54.65
2014-08-05,54.51,54.9,53.96,54.21
2014-08-06,54.04,55.61,53.86,55.37
2014-08-07,55.69,55.69,54.64,54.68
2014-08-08,54.81,55.61,54.79,55.55
2014-08-11,55.79,56.28,55.68,56.02
2014-08-12,56.01,56.23,55.83,56.1
2014-08-13,56.17,56.76,56.13,56.66
2014-08-14,56.68,56.93,56.62,56.91
2014-08-15,57.38,57.41,56.59,56.75
2014-08-18,56.92,57.33,56.88,57.25
2014-08-19,57.29,57.4,57.02,57.28
2014-08-20,57.54,57.59,57.0,57.08
2014-08-21,57.08,57.61,57.07,57.26
2014-08-22,57.44,57.54,57.06,57.22
2014-08-25,57.54,58.12,57.31,58.09
2014-08-26,57.9,58.52,57.9,58.45
2014-08-27,58.51,58.72,58.15,58.41
2014-08-28,58.25,58.52,58.21,58.48
2014-08-29,58.64,58.92,58.43,58.9
2014-09-02,58.87,59.0,58.26,58.55
2014-09-03,58.84,58.86,58.32,58.6
2014-09-04,58.8,58.9,58.35,58.42
2014-09-05,58.55,58.83,58.34,58.82
2014-09-08,58.55,58.72,58.12,58.21
2014-09-09,58.06,58.26,57.84,58.09
2014-09-10,58.24,58.3,57.88,58.16
2014-09-11,57.83,58.41,57.72,58.4
2014-09-12,58.05,58.36,57.47,57.72
2014-09-15,57.97,58.16,57.69,57.87
2014-09-16,57.94,58.53,57.91,58.35
2014-09-17,58.18,58.25,57.27,57.32
2014-09-18,57.38,57.52,57.27,57.44
2014-09-19,57.36,57.47,56.88,56.91
2014-09-22,56.88,56.95,56.5,56.69
2014-09-23,56.53,56.66,56.03,56.05
2014-09-24,56.02,56.85,55.95,56.81
2014-09-25,56.64,56.77,56.08,56.21
2014-09-26,56.09,56.53,55.82,56.37
2014-09-29,56.04,56.47,55.97,56.29
2014-09-30,56.49,56.8,56.24,56.4
2014-10-01,56.42,56.44,55.82,55.83
2014-10-02,55.95,56.2,55.55,55.83
2014-10-03,55.93,56.48,55.78,56.3
2014-10-06,56.43,56.6,55.79,56.3
2014-10-07,56.15,56.29,55.56,55.56
2014-10-08,55.74,56.66,55.61,56.6
2014-10-09,56.5,56.87,56.16,56.23
2014-10-10,56.08,56.71,55.87,55.87
2014-10-13,55.85,56.15,55.38,55.4
2014-10-14,55.7,56.43,55.6,56.04
2014-10-15,54.89,55.18,54.0,54.53
2014-10-16,54.01,54.66,53.63,54.39
2014-10-17,54.84,55.17,54.35,54.99
2014-10-20,54.95,55.94,54.92,55.88
2014-10-21,55.96,56.5,55.65,56.44
2014-10-22,56.74,56.78,56.42,56.56
2014-10-23,56.66,56.88,56.39,56.54
2014-10-24,56.47,56.87,56.13,56.83
2014-10-27,56.77,57.2,56.65,56.92
2014-10-28,57.12,57.41,56.78,57.25
2014-10-29,57.32,57.39,56.38,56.91
2014-10-30,55.23,56.24,55.14,56.16
2014-10-31,57.66,57.66,55.8,56.35
2014-11-03,56.33,56.88,56.27,56.79
2014-11-04,56.89,57.54,56.69,57.12
2014-11-05,57.65,57.86,57.32,57.66
2014-11-06,58.02,58.33,57.56,58.27
2014-11-07,58.46,58.46,57.02,57.87
2014-11-10,57.9,58.23,57.61,57.91
2014-11-11,57.84,58.05,57.62,57.88
2014-11-12,57.51,57.82,57.1,57.46
2014-11-13,57.71,57.97,57.4,57.63
2014-11-14,57.81,57.82,57.21,57.42
2014-11-17,57.43,58.0,57.43,57.98
2014-11-18,58.05,58.4,57.91,58.22
2014-11-19,58.24,58.41,57.95,58.37
2014-11-20,58.19,58.67,58.02,58.53
2014-11-21,59.2,59.64,59.0,59.22
2014-11-24,59.16,59.32,58.83,58.97
2014-11-25,58.9,59.14,58.66,58.94
2014-11-26,58.94,59.3,58.88,59.28
2014-11-28,59.65,60.24,59.45,60.17
2014-12-01,60.06,60.2,59.82,59.92
2014-12-02,59.97,60.13,59.75,60.1
2014-12-03,60.0,60.25,59.82,60.19
2014-12-04,59.91,60.04,59.5,59.7
2014-12-05,59.72,60.28,59.6,60.27
2014-12-08,60.01,60.69,60.01,60.33
2014-12-09,59.96,60.46,59.61,60.3
2014-12-10,60.0,60.45,59.5,59.58
2014-12-11,59.65,60.35,59.65,60.06
2014-12-12,59.6,60.1,59.2,59.22
2014-12-15,59.12,59.53,58.67,58.7
2014-12-16,58.78,60.24,58.77,58.83
2014-12-17,58.99,59.81,58.69,59.56
2014-12-18,60.56,63.38,60.44,63.38
2014-12-19,63.21,64.06,62.98,63.51
2014-12-22,63.3,64.33,63.25,64.31
2014-12-23,63.87,64.41,63.55,64.01
2014-12-24,63.89,64.47,63.86,63.9
2014-12-26,63.69,64.21,63.66,63.93
2014-12-29,63.78,64.02,63.51,63.81
2014-12-30,63.6,63.93,63.48,63.53
2014-12-31,63.55,63.76,62.61,62.66
2015-01-02,62.73,63.5,62.13,62.64
2015-01-05,62.53,63.03,61.78,61.85
2015-01-06,62.22,62.93,61.6,61.86
2015-01-07,62.3,63.74,62.27,63.19
2015-01-08,63.67,64.25,63.3,63.99
2015-01-09,64.18,64.25,63.52,63.78
2015-01-12,63.7,63.88,63.37,63.54
2015-01-13,63.91,64.23,62.57,62.99
2015-01-14,62.71,63.21,62.36,62.76
2015-01-15,64.17,66.27,63.56,65.69
2015-01-16,65.39,65.83,64.95,65.76
2015-01-20,65.8,66.23,64.87,65.93
2015-01-21,65.85,66.67,65.51,66.57
2015-01-22,66.95,67.35,66.33,67.24
2015-01-23,67.28,67.33,66.6,66.72
2015-01-26,66.75,67.03,66.14,66.96
2015-01-27,66.28,67.41,66.28,66.83
2015-01-28,66.84,67.45,65.71,65.74
2015-01-29,65.62,66.39,65.3,66.26
2015-01-30,65.97,66.17,65.09,65.34
2015-02-02,65.65,66.24,64.64,66.21
2015-02-03,66.31,66.99,66.27,66.97
2015-02-04,66.64,67.66,66.64,67.08
2015-02-05,67.74,67.74,66.27,66.94
2015-02-06,66.99,67.06,66.35,66.77
2015-02-09,66.46,66.82,65.89,66.04
2015-02-10,66.52,67.03,66.0,66.89
2015-02-11,66.89,67.0,64.95,65.07
2015-02-12,65.11,66.19,65.08,66.17
2015-02-13,64.54,64.9,63.46,64.42
2015-02-17,64.0,64.69,63.6,64.27
2015-02-18,64.27,64.87,64.17,64.75
2015-02-19,64.78,64.86,64.01,64.17
2015-02-20,64.24,64.46,63.83,64.42
2015-02-23,64.19,64.47,63.77,63.97
2015-02-24,63.75,64.2,63.29,64.08
2015-02-25,64.18,64.47,63.8,63.97
2015-02-26,64.13,64.13,63.51,63.77
2015-02-27,63.86,64.3,63.59,64.06
2015-03-02,64.15,64.29,63.7,63.8
2015-03-03,63.7,63.83,63.25,63.78
2015-03-04,63.75,63.88,63.03,63.19
2015-03-05,63.48,63.48,62.81,63.1
2015-03-06,63.0,63.15,61.82,62.02
2015-03-09,61.84,62.47,61.81,62.16
2015-03-10,61.92,61.95,61.32,61.39
2015-03-11,61.41,61.64,60.77,60.97
2015-03-12,61.35,62.14,61.22,62.02
2015-03-13,61.63,62.08,61.09,61.65
2015-03-16,61.99,62.26,61.71,62.05
2015-03-17,61.71,61.99,61.34,61.7
2015-03-18,61.58,62.07,60.28,61.87
2015-03-19,61.87,61.94,61.08,61.3
2015-03-20,61.65,62.31,61.59,61.94
2015-03-23,62.09,62.52,61.9,62.12
2015-03-24,62.12,62.33,61.31,61.33
2015-03-25,81.45,87.88,80.12,83.17
2015-03-26,82.0,85.54,82.0,84.39
2015-03-27,83.63,89.84,83.56,89.1
2015-03-30,88.56,90.61,87.36,90.61
2015-03-31,89.62,90.0,86.51,87.11
2015-04-01,86.5,90.75,85.86,90.7
2015-04-02,90.0,91.32,88.34,88.95
2015-04-06,88.4,89.18,88.1,88.76
2015-04-07,88.3,90.2,87.67,89.34
2015-04-08,88.5,88.93,87.5,88.38
2015-04-09,87.95,89.5,87.33,89.4
2015-04-10,88.81,89.4,88.2,89.27
2015-04-13,88.89,88.95,87.59,88.37
2015-04-14,87.77,88.06,87.03,87.16
2015-04-15,86.57,87.45,86.35,86.86
2015-04-16,86.3,87.24,86.1,87.05
2015-04-17,86.07,87.12,86.0,86.73
2015-04-20,86.8,87.89,86.62,87.63
2015-04-21,87.63,89.0,87.31,88.47
2015-04-22,88.27,88.64,87.53,88.25
2015-04-23,87.8,88.4,87.56,88.38
2015-04-24,88.46,88.86,87.5,87.57
2015-04-27,87.55,87.55,85.74,85.87
2015-04-28,85.61,86.56,85.43,85.88
2015-04-29,86.11,86.47,84.96,85.08
2015-04-30,84.09,85.12,83.98,84.75
2015-05-01,84.87,85.91,84.5,84.67
2015-05-04,84.31,85.15,83.75,84.29
2015-05-05,84.11,84.53,83.4,84.36
2015-05-06,84.14,84.58,83.44,83.99
2015-05-07,83.85,84.71,83.44,84.51
2015-05-08,84.9,86.5,84.68,86.04
2015-05-11,85.77,86.64,85.19,86.2
2015-05-12,85.74,85.98,84.79,85.03
2015-05-13,85.11,85.67,84.13,84.15
2015-05-14,84.5,86.21,84.38,85.97
2015-05-15,86.28,86.57,85.01,85.44
2015-05-18,85.13,86.09,84.75,85.49
2015-05-19,85.17,85.84,84.61,85.07
2015-05-20,85.06,86.44,84.86,85.45
2015-05-21,85.27,85.78,84.59,85.75
2015-05-22,85.57,85.74,84.95,85.0
2015-05-26,84.93,85.3,84.29,85.0
2015-05-27,85.25,85.5,84.26,84.33
2015-05-28,84.2,85.22,84.06,85.14
2015-05-29,84.85,84.93,84.22,84.45
2015-06-01,84.54,84.72,84.0,84.27
2015-06-02,84.0,84.57,83.9,84.33
2015-06-03,84.39,84.77,83.88,84.26
2015-06-04,83.84,84.25,83.27,83.61
2015-06-05,83.18,84.2,82.94,83.37
2015-06-08,83.48,83.9,82.85,83.35
2015-06-09,83.67,84.71,83.38,84.01
2015-06-10,83.96,84.65,83.57,84.34
2015-06-11,84.21,85.29,84.08,84.51
2015-06-12,84.44,85.28,84.25,84.7
2015-06-15,84.26,85.19,84.25,84.76
2015-06-16,84.82,85.21,84.38,85.2
2015-06-17,85.2,85.72,84.72,85.46
2015-06-18,85.79,87.62,85.67,86.83
2015-06-19,86.76,87.93,86.66,87.2
2015-06-22,87.7,87.99,87.08,87.58
2015-06-23,87.86,88.0,87.3,87.7
2015-06-24,87.8,87.8,86.5,87.3
2015-06-25,87.49,89.34,87.42,87.72
2015-06-26,87.72,88.0,86.45,86.98
2015-06-29,86.51,86.94,85.62,85.67
2015-06-30,86.42,87.06,85.14,85.14
2015-07-01,85.49,88.36,85.29,88.3
2015-07-02,88.0,89.54,87.51,88.19
2015-07-06,71.0,74.29,71.0,72.96
2015-07-07,73.73,74.71,72.96,74.63
2015-07-08,74.3,75.5,74.04,75.4
2015-07-09,76.47,77.07,74.5,74.8
2015-07-10,75.05,77.8,75.0,77.31
2015-07-13,79.5,79.7,77.91,78.83
2015-07-14,79.45,79.5,77.65,78.0
2015-07-15,77.65,78.17,76.4,76.71
2015-07-16,76.97,78.84,76.95,78.75
2015-07-17,79.43,79.69,77.26,79.63
2015-07-20,79.95,81.2,79.13,80.11
2015-07-21,79.97,80.68,79.4,80.22
2015-07-22,80.83,80.9,78.58,78.64
2015-07-23,78.42,78.57,76.64,76.74
2015-07-24,76.92,77.43,75.95,76.41
2015-07-27,76.63,77.98,76.29,77.38
2015-07-28,78.44,78.65,77.5,78.32
2015-07-29,78.26,78.3,77.0,77.91
2015-07-30,78.21,79.69,77.6,79.21
2015-07-31,79.94,79.94,78.86,79.47
2015-08-03,80.0,81.03,79.91,80.37
2015-08-04,80.57,81.0,79.67,79.81
2015-08-05,80.01,81.0,79.85,80.48
2015-08-06,81.05,81.19,79.51,79.76
2015-08-07,79.14,79.38,77.29,78.46
2015-08-10,79.43,79.8,78.57,78.81
2015-08-11,77.63,80.48,77.07,77.97
2015-08-12,77.83,78.31,76.09,76.69
2015-08-13,77.01,77.07,75.8,75.99
2015-08-14,76.07,76.74,75.12,76.42
2015-08-17,75.86,76.41,75.51,75.8
2015-08-18,75.72,75.95,75.06,75.19
2015-08-19,75.0,75.29,73.92,74.78
2015-08-20,74.02,74.76,73.78,74.25
2015-08-21,73.31,74.25,72.26,72.27
2015-08-24,68.24,72.24,61.42,70.87
2015-08-25,71.54,72.4,70.0,70.21
2015-08-26,71.72,74.11,69.53,73.91
2015-08-27,73.17,75.25,73.12,75.18
2015-08-28,74.4,75.19,73.82,74.69
2015-08-31,74.21,74.43,72.57,72.66
2015-09-01,71.23,72.54,69.64,70.12
2015-09-02,70.84,72.07,70.31,72.07
2015-09-03,72.56,73.89,71.79,72.16
2015-09-04,71.14,71.69,70.13,70.57
2015-09-08,71.85,74.33,70.81,74.07
2015-09-09,74.45,74.5,71.98,72.17
2015-09-10,72.13,73.05,71.78,72.16
2015-09-11,72.25,73.93,71.6,73.76
2015-09-14,73.5,74.71,72.56,74.55
2015-09-15,74.94,75.52,73.75,75.39
2015-09-16,75.2,76.71,74.3,76.37
2015-09-17,76.58,77.76,76.0,76.43
2015-09-18,75.55,76.5,75.01,75.44
2015-09-21,75.69,76.19,74.96,75.2
2015-09-22,74.15,74.87,73.66,74.31
2015-09-23,74.17,74.6,73.26,73.31
2015-09-24,73.0,73.14,71.7,72.92
2015-09-25,73.8,73.85,72.78,73.35
2015-09-28,72.81,73.27,69.99,69.99
2015-09-29,70.16,70.98,68.65,69.2
2015-09-30,69.67,70.8,69.46,70.58
2015-10-01,71.27,71.97,69.77,70.83
2015-10-02,70.19,71.46,69.37,71.41
2015-10-05,72.0,73.25,71.35,72.24
2015-10-06,72.29,73.05,71.89,72.47
2015-10-07,72.74,73.74,72.48,73.15
2015-10-08,73.16,74.47,72.74,74.43
2015-10-09,74.41,75.22,73.99,74.39
2015-10-12,74.41,74.41,73.31,73.72
2015-10-13,73.61,73.93,73.18,73.38
2015-10-14,73.12,74.3,73.0,73.77
2015-10-15,74.15,75.22,73.92,75.22
2015-10-16,75.68,78.0,74.87,77.39
2015-10-19,76.89,77.2,76.29,76.8
2015-10-20,76.2,77.16,76.11,76.87
2015-10-21,77.0,77.74,76.63,77.05
2015-10-22,77.22,79.94,77.22,79.94
2015-10-23,79.15,79.89,77.43,77.98
2015-10-26,78.18,78.18,76.48,76.81
2015-10-27,76.21,77.48,76.21,77.17
2015-10-28,77.15,79.2,76.34,79.18
2015-10-29,78.84,79.0,77.85,78.65
2015-10-30,78.37,78.99,77.86,77.97
2015-11-02,78.43,78.93,77.72,78.27
2015-11-03,77.83,78.0,75.88,76.43
2015-11-04,76.32,76.67,75.24,75.82
2015-11-05,76.2,76.5,74.75,75.42
2015-11-06,73.75,74.5,71.58,72.01
2015-11-09,72.0,72.68,70.85,71.24
2015-11-10,71.75,72.22,71.15,72.08
2015-11-11,72.7,72.86,71.36,72.11
2015-11-12,71.18,71.38,70.25,70.9
2015-11-13,70.62,71.71,70.58,70.77
2015-11-16,71.02,72.11,70.94,71.66
2015-11-17,72.1,72.13,70.64,71.45
2015-11-18,71.84,73.03,71.17,72.58
2015-11-19,73.25,73.73,72.34,73.34
2015-11-20,74.17,75.57,73.4,73.65
2015-11-23,74.03,74.54,73.89,74.07
2015-11-24,73.73,74.51,73.68,74.47
2015-11-25,74.45,74.92,73.85,74.64
2015-11-27,74.57,75.0,74.22,74.61
2015-11-30,74.52,74.86,73.5,73.69
2015-12-01,74.23,75.0,73.8,74.47
2015-12-02,74.21,74.62,72.92,73.04
2015-12-03,73.3,73.68,71.09,71.46
2015-12-04,71.4,72.73,71.07,72.22
2015-12-07,71.92,72.2,70.85,71.43
2015-12-08,71.0,71.65,70.59,71.53
2015-12-09,71.16,72.17,70.5,70.9
2015-12-10,70.83,71.33,70.51,70.84
2015-12-11,70.09,70.69,69.39,69.69
2015-12-14,70.07,71.08,69.77,70.97
2015-12-15,71.73,72.75,71.65,72.01
2015-12-16,72.61,73.2,71.89,73.01
2015-12-17,72.95,73.3,71.9,71.92
2015-12-18,71.42,71.94,70.63,70.67
2015-12-21,70.52,71.66,70.37,71.38
2015-12-22,71.64,73.19,71.31,72.93
2015-12-23,73.3,74.78,72.99,74.51
2015-12-24,74.81,74.81,73.88,73.96
2015-12-28,73.71,73.78,72.89,73.42
2015-12-29,73.65,74.86,73.4,74.69
2015-12-30,74.65,74.96,73.71,73.75
2015-12-31,73.37,73.5,72.63,72.76
2016-01-04,71.38,72.85,71.35,72.7
2016-01-05,72.74,73.58,72.28,73.39
2016-01-06,72.2,73.68,72.03,73.53
2016-01-07,72.01,72.99,71.85,71.9
2016-01-08,72.19,72.47,71.1,71.18
2016-01-11,71.35,72.53,70.77,72.27
2016-01-12,72.85,73.35,72.13,73.23
2016-01-13,73.19,73.44,70.64,70.81
2016-01-14,70.96,71.53,70.3,70.74
2016-01-15,68.9,70.15,68.18,69.2
2016-01-19,70.01,70.52,69.55,70.17
2016-01-20,69.28,71.58,68.74,71.17
2016-01-21,72.0,73.33,71.33,73.05
2016-01-22,73.6,74.5,72.51,74.39
2016-01-25,73.7,74.67,73.34,74.03
2016-01-26,73.37,76.0,73.37,75.98
2016-01-27,75.87,77.15,75.15,75.97
2016-01-28,76.27,76.99,75.48,76.16
2016-01-29,76.9,78.22,76.4,78.06
2016-02-01,77.37,77.48,75.67,77.01
2016-02-02,75.97,76.8,75.72,75.97
2016-02-03,76.37,76.37,73.83,74.89
2016-02-04,75.04,75.2,72.92,74.15
2016-02-05,74.28,74.56,72.14,72.78
2016-02-08,72.09,72.2,70.18,71.22
2016-02-09,70.6,71.96,70.01,71.51
2016-02-10,72.07,73.3,71.71,72.11
2016-02-11,70.9,71.96,70.17,71.44
2016-02-12,72.2,72.45,71.02,71.92
2016-02-16,72.9,73.06,71.92,72.31
2016-02-17,73.0,74.39,72.5,74.24
2016-02-18,74.08,74.29,73.34,73.45
2016-02-19,72.9,73.69,72.83,73.52
2016-02-22,74.39,74.39,72.21,73.33
2016-02-23,73.1,73.49,72.56,72.82
2016-02-24,72.33,73.33,71.83,72.99
2016-02-25,73.41,74.98,73.33,74.96
2016-02-26,78.8,78.9,76.65,77.84
2016-02-27,77.84,77.84,77.83,77.83
2016-02-29,77.28,78.0,76.93,77.02
2016-03-01,77.66,77.92,76.92,77.66
2016-03-02,77.61,77.8,76.12,77.49
2016-03-03,77.3,77.55,76.46,77.37
2016-03-04,77.91,77.92,76.26,77.2
2016-03-07,77.01,77.39,76.14,76.5
2016-03-08,76.01,77.15,75.94,76.29
2016-03-09,76.67,77.0,75.8,76.63
2016-03-10,76.98,77.15,75.55,76.22
2016-03-11,77.26,77.35,76.41,76.95
2016-03-14,76.88,77.77,76.1,77.57
2016-03-15,77.46,77.82,76.82,77.78
2016-03-16,77.98,78.11,76.95,78.03
2016-03-17,77.58,78.1,76.74,78.01
2016-03-18,78.38,78.39,76.77,77.31
2016-03-21,76.97,77.5,76.17,76.59
2016-03-22,76.99,77.02,76.03,76.44
2016-03-23,76.57,77.06,76.21,76.81
2016-03-24,76.77,77.27,75.86,76.46
2016-03-28,76.62,77.93,76.06,77.76
2016-03-29,77.58,78.81,77.03,78.8
2016-03-30,78.92,79.05,78.27,78.9
2016-03-31,78.95,78.95,78.28,78.56
2016-04-01,78.53,79.16,78.11,79.08
2016-04-04,78.97,79.09,78.38,78.85
2016-04-05,78.47,78.85,77.89,78.01
2016-04-06,78.42,78.42,77.5,78.36
2016-04-07,78.02,78.29,77.03,77.5
2016-04-08,77.97,78.6,77.54,78.47
2016-04-11,78.73,79.0,77.85,77.91
2016-04-12,78.0,78.63,77.54,78.33
2016-04-13,78.68,78.73,77.09,77.4
2016-04-14,77.4,77.81,76.89,77.17
2016-04-15,77.56,78.29,77.13,78.05
2016-04-18,77.92,78.36,77.27,78.34
2016-04-19,78.34,78.88,77.86,78.3
2016-04-20,78.34,78.68,77.5,77.92
2016-04-21,77.79,77.92,76.64,76.74
2016-04-22,76.7,78.15,76.7,78.1
2016-04-25,77.88,78.84,77.54,78.73
2016-04-26,78.71,79.55,78.51,78.7
2016-04-27,79.22,79.5,77.99,79.1
2016-04-28,78.55,79.23,78.09,78.36
2016-04-29,77.61,78.28,77.13,78.07
2016-05-02,78.07,80.25,78.0,79.52
2016-05-03,79.02,79.29,78.22,78.68
2016-05-04,78.48,80.3,78.29,79.98
2016-05-05,82.96,84.17,82.5,82.97
2016-05-06,82.83,84.04,81.94,84.0
2016-05-09,84.0,84.79,83.64,84.26
2016-05-10,84.44,86.2,84.23,86.14
2016-05-11,85.97,86.54,85.19,85.2
2016-05-12,85.48,86.66,85.15,86.34
2016-05-13,86.03,86.45,84.72,85.13
2016-05-16,85.33,86.24,85.04,85.87
2016-05-17,85.69,86.06,81.77,82.16
2016-05-18,81.95,82.28,80.46,81.18
2016-05-19,80.85,83.02,80.61,83.0
2016-05-20,82.4,82.86,81.82,82.42
2016-05-23,82.51,83.25,82.42,82.81
2016-05-24,83.13,84.38,82.7,84.22
2016-05-25,83.56,84.78,83.13,84.27
2016-05-26,84.02,84.82,83.76,83.81
2016-05-27,83.66,84.26,83.5,84.1
2016-05-31,84.16,84.44,82.67,83.19
2016-06-01,83.09,83.99,83.0,83.95
2016-06-02,83.88,84.79,83.55,84.78
2016-06-03,85.0,85.42,84.7,85.3
2016-06-06,85.5,85.6,84.69,84.99
2016-06-07,85.17,85.68,84.62,84.75
2016-06-08,85.06,85.42,84.33,85.18
2016-06-09,84.92,85.73,84.78,85.62
2016-06-10,85.6,85.6,84.71,85.34
2016-06-13,85.27,85.75,84.64,84.95
2016-06-14,84.94,85.29,84.33,84.88
2016-06-15,85.0,85.39,84.36,84.84
2016-06-16,84.68,85.32,83.98,85.28
2016-06-17,85.34,85.37,84.02,84.82
2016-06-20,85.49,86.5,85.24,85.5
2016-06-21,85.54,86.44,85.49,85.69
2016-06-22,85.94,85.99,85.08,85.21
2016-06-23,85.94,86.39,85.42,86.37
2016-06-24,83.7,85.1,83.42,83.73
2016-06-27,83.23,83.85,82.5,83.63
2016-06-28,83.88,84.79,83.0,84.77
2016-06-29,85.03,86.33,84.7,86.1
2016-06-30,86.39,88.63,86.17,88.48
2016-07-01,88.58,89.4,88.15,88.24
2016-07-05,88.19,89.49,87.5,88.74
2016-07-06,88.65,89.77,88.25,89.74
2016-07-07,89.57,89.82,88.81,89.31
2016-07-08,89.93,90.26,89.13,89.85
2016-07-11,89.93,90.15,89.31,89.84
2016-07-12,89.49,89.72,87.63,87.8
2016-07-13,87.83,89.08,87.63,89.02
2016-07-14,89.14,89.25,87.86,88.34
2016-07-15,88.9,89.22,88.13,88.86
2016-07-18,89.08,89.3,88.54,89.1
2016-07-19,88.84,89.11,88.26,88.97
2016-07-20,88.87,88.95,87.94,88.17
2016-07-21,88.1,88.19,87.33,87.64
2016-07-22,88.02,88.49,87.81,88.16
2016-07-25,88.16,88.43,87.83,88.41
2016-07-26,88.54,88.79,87.04,87.06
2016-07-27,87.38,87.46,85.2,85.63
2016-07-28,85.68,86.21,85.24,85.96
2016-07-29,86.23,86.63,85.86,86.39
2016-08-01,86.3,86.58,85.52,85.97
2016-08-02,85.75,85.75,84.64,85.15
2016-08-03,85.31,85.48,84.25,84.9
2016-08-04,85.13,85.64,84.68,85.54
2016-08-05,89.85,90.49,88.5,88.79
2016-08-08,88.71,88.79,87.59,88.75
2016-08-09,88.93,89.99,88.73,89.78
2016-08-10,89.77,89.95,88.97,89.35
2016-08-11,89.71,90.43,89.29,89.44
2016-08-12,89.23,90.47,89.23,89.56
2016-08-15,89.71,89.89,88.85,89.08
2016-08-16,89.03,89.17,88.25,88.96
2016-08-17,89.05,89.47,88.24,89.41
2016-08-18,89.3,89.86,89.1,89.76
2016-08-19,89.6,90.2,89.35,89.92
2016-08-22,89.88,90.39,89.52,89.97
2016-08-23,90.25,90.48,89.35,89.47
2016-08-24,88.84,88.99,88.03,88.95
2016-08-25,88.99,89.94,88.69,88.9
2016-08-26,89.04,89.45,87.92,88.17
2016-08-29,88.35,88.81,88.13,88.57
2016-08-30,88.63,88.83,87.77,87.97
2016-08-31,88.11,89.82,88.11,89.49
2016-09-01,89.57,89.71,88.54,89.48
2016-09-02,89.9,90.54,89.11,89.61
2016-09-06,89.69,90.18,89.13,89.74
2016-09-07,89.23,89.81,88.96,89.79
2016-09-08,89.7,89.79,88.71,89.19
2016-09-09,88.24,88.37,85.95,85.97
2016-09-12,85.58,88.7,85.35,88.56
2016-09-13,89.27,89.27,87.45,88.27
2016-09-14,88.13,88.82,87.38,87.68
2016-09-15,87.36,89.26,87.32,89.17
2016-09-16,88.83,89.13,87.65,88.94
2016-09-19,88.88,89.0,86.9,86.97
2016-09-20,87.48,87.72,87.1,87.12
2016-09-21,87.26,88.16,86.76,87.91
2016-09-22,88.63,89.16,88.34,89.05
2016-09-23,89.19,89.5,88.67,88.83
2016-09-26,88.78,88.98,88.06,88.53
2016-09-27,88.76,89.49,88.52,89.23
2016-09-28,89.58,89.62,88.81,89.55
2016-09-29,89.23,89.43,88.41,88.57
2016-09-30,89.0,89.91,88.85,89.51
2016-10-03,89.25,89.46,88.75,89.08
2016-10-04,89.29,89.29,87.69,88.02
2016-10-05,88.32,88.32,87.34,87.38
2016-10-06,87.03,87.66,86.78,87.49
2016-10-07,87.76,87.76,86.7,87.4
2016-10-10,87.44,88.67,87.44,88.5
2016-10-11,88.24,88.5,87.06,87.24
2016-10-12,88.46,88.46,87.0,87.14
2016-10-13,86.79,87.32,86.5,87.05
2016-10-14,87.34,88.7,87.06,88.53
2016-10-17,88.72,89.0,88.03,88.83
2016-10-18,90.09,90.15,88.9,88.93
2016-10-19,88.93,88.95,87.55,88.08
2016-10-20,87.22,88.76,87.22,87.96
2016-10-21,87.65,88.18,86.98,87.92
2016-10-24,88.61,89.22,88.51,88.91
2016-10-25,89.23,89.68,88.17,88.36
2016-10-26,88.51,88.7,87.91,88.08
2016-10-27,88.17,88.37,87.18,87.69
2016-10-28,87.48,88.67,87.48,88.08
2016-10-31,88.44,89.16,88.31,88.95
2016-11-01,89.0,89.18,88.11,88.37
2016-11-02,88.63,88.69,87.98,88.15
2016-11-03,88.12,88.37,86.13,86.25
2016-11-04,82.03,85.24,81.0,84.05
2016-11-07,85.32,86.09,84.3,86.03
2016-11-08,86.23,88.84,86.07,88.34
2016-11-09,86.18,86.97,84.18,84.94
2016-11-10,85.03,85.53,80.56,81.42
2016-11-11,81.0,81.74,80.16,81.21
2016-11-14,81.01,81.63,79.92,80.08
2016-11-15,80.57,81.72,80.22,81.14
2016-11-16,81.38,82.75,81.29,82.4
2016-11-17,82.31,82.84,81.5,82.84
2016-11-18,82.7,82.93,82.02,82.53
2016-11-21,82.53,83.82,82.2,83.64
2016-11-22,83.86,84.47,83.7,84.09
2016-11-23,83.8,84.31,81.73,82.44
2016-11-25,82.63,83.29,82.63,82.95
2016-11-28,82.95,83.67,82.36,83.22
2016-11-29,83.4,84.5,83.13,84.0
2016-11-30,83.1,83.51,81.65,81.65
2016-12-01,81.51,81.78,79.93,80.49
2016-12-02,80.74,81.52,80.35,80.91
2016-12-05,80.91,81.15,80.11,80.28
2016-12-06,80.61,80.88,79.69,79.96
2016-12-07,80.44,83.21,80.27,82.95
2016-12-08,82.59,82.79,81.86,82.31
2016-12-09,82.55,83.79,82.07,83.78
2016-12-12,83.6,84.83,83.29,84.2
2016-12-13,84.6,85.6,84.03,84.94
2016-12-14,84.98,85.4,83.72,84.36
2016-12-15,85.13,86.06,84.13,85.37
2016-12-16,85.88,86.56,84.86,86.46
2016-12-19,86.35,86.89,85.72,86.6
2016-12-20,86.28,86.6,85.33,85.98
2016-12-21,85.93,86.99,85.8,86.61
2016-12-22,86.45,87.29,86.3,87.28
2016-12-23,87.1,87.62,86.96,87.57
2016-12-27,87.66,88.08,87.3,87.58
2016-12-28,87.5,87.77,87.03,87.31
2016-12-29,87.3,88.15,87.3,87.93
2016-12-30,88.02,88.16,87.07,87.32
2017-01-03,87.85,87.97,86.4,87.53
2017-01-04,87.52,87.97,86.9,87.03
2017-01-05,86.9,87.3,86.08,86.53
2017-01-06,86.53,86.63,85.83,86.31
2017-01-09,86.25,86.47,85.59,86.07
2017-01-10,85.85,86.3,85.41,85.91
2017-01-11,86.12,87.04,86.04,86.76
2017-01-12,86.83,87.77,86.5,87.42
2017-01-13,87.42,87.43,86.58,87.03
2017-01-17,86.71,87.97,86.71,87.92
2017-01-18,87.8,88.59,87.8,88.35
2017-01-19,88.18,88.43,87.55,87.85
2017-01-20,88.35,89.0,88.01,88.95
2017-01-23,88.66,88.95,88.2,88.8
2017-01-24,88.91,89.19,88.32,88.69
2017-01-25,88.93,89.27,88.41,88.84
2017-01-26,89.49,89.9,88.72,89.41
2017-01-27,88.96,89.77,88.78,89.43
2017-01-30,89.09,89.5,88.63,89.08
2017-01-31,88.9,89.56,88.83,89.29
2017-02-01,88.89,89.33,88.31,88.41
2017-02-02,88.51,89.1,88.32,88.61
2017-02-03,89.21,89.35,88.64,89.27
2017-02-06,89.3,89.4,88.64,88.7
2017-02-07,88.71,89.02,88.5,88.81
2017-02-08,88.81,89.31,88.79,89.19
2017-02-09,89.27,90.39,89.04,89.78
2017-02-10,89.6,90.54,89.34,90.2
2017-02-13,90.31,90.6,89.69,90.58
2017-02-14,90.57,91.06,90.1,90.81
2017-02-15,91.13,91.3,90.26,91.09
2017-02-16,89.1,89.84,86.35,87.28
2017-02-17,92.0,97.77,91.85,96.65
2017-02-21,91.82,95.48,91.35,94.87
2017-02-22,94.85,95.0,92.99,93.36
2017-02-23,93.29,93.62,92.35,92.94
2017-02-24,93.51,93.8,92.57,93.08
2017-02-27,92.6,92.87,90.33,90.61
2017-02-28,90.68,91.98,90.35,91.51
2017-03-01,91.77,91.91,90.65,91.43
2017-03-02,91.5,91.69,90.78,91.28
2017-03-03,91.25,91.5,90.81,91.5
2017-03-06,91.02,91.51,90.79,91.16
2017-03-07,90.81,91.44,90.72,90.8
2017-03-08,90.67,91.17,90.44,90.9
2017-03-09,90.77,91.58,90.62,91.53
2017-03-10,92.08,92.09,91.26,91.51
2017-03-13,91.37,91.5,91.02,91.18
2017-03-14,91.16,91.35,90.67,91.06
2017-03-15,91.59,92.14,91.09,91.84
2017-03-16,92.74,93.27,92.16,92.77
2017-03-17,93.6,93.67,91.82,91.98
2017-03-20,92.03,92.95,91.89,92.36
2017-03-21,92.31,92.78,91.59,91.9
2017-03-22,92.25,92.75,92.04,92.29
2017-03-23,92.05,92.78,91.9,92.01
2017-03-24,92.24,92.4,91.32,91.68
2017-03-27,91.5,91.59,91.09,91.25
2017-03-28,90.78,91.67,90.78,91.41
2017-03-29,91.2,91.6,91.06,91.49
2017-03-30,91.43,91.67,91.04,91.1
2017-03-31,90.88,91.19,90.57,90.81
2017-04-03,90.8,91.28,90.63,91.06
2017-04-04,90.7,91.25,90.27,91.22
2017-04-05,91.1,92.42,91.03,91.42
2017-04-06,91.49,91.79,90.65,90.95
2017-04-07,91.17,91.49,90.67,90.7
2017-04-10,90.65,91.0,90.16,90.89
2017-04-11,90.89,91.07,90.39,90.83
2017-04-12,91.03,92.14,91.01,91.93
2017-04-13,92.05,92.05,91.48,91.5
2017-04-17,91.8,91.96,91.03,91.58
2017-04-18,91.54,92.63,91.33,92.5
2017-04-19,92.43,92.45,91.69,91.85
2017-04-20,92.11,92.4,91.55,92.04
2017-04-21,92.13,92.24,91.56,91.6
2017-04-24,92.01,92.87,92.01,92.56
2017-04-25,92.64,92.89,92.28,92.29
2017-04-26,92.32,92.33,90.88,90.92
2017-04-27,90.92,91.42,90.66,90.83
2017-04-28,91.2,91.23,89.83,90.39
2017-05-01,90.65,90.75,89.35,89.47
2017-05-02,89.64,89.83,88.76,89.0
2017-05-03,90.22,90.22,88.9,89.14
2017-05-04,88.0,91.8,87.14,89.7
2017-05-05,89.86,90.1,89.18,89.63
2017-05-08,89.58,89.77,89.0,89.48
2017-05-09,89.23,89.65,88.87,89.2
2017-05-10,89.11,89.4,88.94,89.33
2017-05-11,88.8,89.46,88.8,89.28
2017-05-12,89.34,89.45,88.67,88.95
2017-05-15,88.76,89.47,88.56,89.45
2017-05-16,89.26,89.83,88.85,89.11
2017-05-17,88.91,90.14,88.51,89.51
2017-05-18,89.65,90.73,88.91,90.16
2017-05-19,89.75,90.55,89.4,90.28
2017-05-22,90.11,91.33,90.04,91.18
2017-05-23,91.21,92.0,91.01,91.87
2017-05-24,92.0,92.66,91.78,92.59
2017-05-25,92.69,93.01,92.38,92.81
2017-05-26,92.9,93.09,92.52,92.99
2017-05-30,92.94,93.0,92.19,92.46
2017-05-31,92.63,92.95,91.97,92.2
2017-06-01,92.35,92.74,91.42,92.73
2017-06-02,92.94,93.55,92.38,93.54
2017-06-05,93.58,93.7,93.05,93.44
2017-06-06,93.45,93.87,93.08,93.21
2017-06-07,93.45,93.88,93.14,93.77
2017-06-08,93.46,93.67,92.47,92.57
2017-06-09,92.48,92.54,90.46,90.83
2017-06-12,90.6,92.42,90.43,91.25
2017-06-13,90.68,91.66,90.17,91.59
2017-06-14,92.15,92.45,90.99,91.46
2017-06-15,91.16,91.84,91.01,91.65
2017-06-16,90.87,91.22,88.91,89.41
2017-06-19,89.96,90.24,89.02,89.85
2017-06-20,89.66,89.77,89.14,89.28
2017-06-21,89.31,89.7,89.11,89.4
2017-06-22,89.47,89.75,88.89,89.1
2017-06-23,89.4,89.4,88.57,88.85
2017-06-26,89.53,89.73,88.87,88.94
2017-06-27,88.76,88.95,87.48,87.51
2017-06-28,88.11,88.49,87.21,87.82
2017-06-29,87.69,87.81,85.45,85.76
2017-06-30,87.2,87.27,85.5,85.64
2017-07-03,85.96,86.1,84.39,84.47
2017-07-05,84.46,84.76,83.64,83.79
2017-07-06,83.3,83.61,82.62,82.82
2017-07-07,82.58,83.9,82.2,83.04
2017-07-10,83.39,83.73,82.76,82.77
2017-07-11,82.2,83.99,82.2,83.75
2017-07-12,84.33,85.18,84.29,84.7
2017-07-13,84.74,85.04,84.33,84.85
2017-07-14,85.31,85.7,84.83,85.65
2017-07-17,85.68,85.75,85.09,85.6
2017-07-18,85.69,85.85,85.17,85.6
2017-07-19,85.63,85.85,85.21,85.69
2017-07-20,86.1,86.1,85.67,85.9
2017-07-21,85.66,86.19,85.41,86.16
2017-07-24,86.12,86.31,85.6,86.22
2017-07-25,86.24,87.61,86.14,87.42
2017-07-26,87.5,90.38,87.41,87.66
2017-07-27,87.53,88.22,87.31,88.19
2017-07-28,87.8,88.07,87.07,87.64
2017-07-31,87.79,87.99,86.98,87.46
2017-08-01,87.38,87.77,86.55,86.67
2017-08-02,86.29,87.14,85.48,86.87
2017-08-03,86.9,87.6,86.33,86.51
2017-08-04,87.58,87.58,85.98,86.66
2017-08-07,86.54,87.23,86.26,87.02
2017-08-08,86.64,86.98,86.02,86.16
2017-08-09,86.0,86.74,85.51,86.46
2017-08-10,85.92,86.4,85.58,85.89
2017-08-11,85.9,86.57,85.64,86.47
2017-08-14,86.75,87.29,86.5,87.02
2017-08-15,87.05,87.2,86.5,86.74
2017-08-16,86.45,86.68,86.28,86.5
2017-08-17,86.27,86.76,85.08,85.11
2017-08-18,84.92,85.28,84.16,84.49
2017-08-21,84.73,84.73,84.25,84.55
2017-08-22,84.76,85.13,84.65,85.05
2017-08-23,84.95,85.16,84.48,84.75
2017-08-24,84.5,84.59,82.69,82.8
2017-08-25,83.28,83.32,82.45,82.6
2017-08-28,82.78,83.0,81.62,82.14
2017-08-29,81.78,82.11,81.09,81.44
2017-08-30,81.5,82.19,81.23,81.93
2017-08-31,81.1,82.1,80.29,80.75
2017-09-01,80.75,81.1,80.1,80.85
2017-09-05,80.72,81.5,80.55,81.15
2017-09-06,81.23,81.4,80.83,81.33
2017-09-07,81.45,81.72,80.83,81.46
2017-09-08,81.45,82.02,80.66,81.72
2017-09-11,82.1,82.56,81.96,82.55
2017-09-12,82.82,82.98,82.06,82.18
2017-09-13,82.26,82.35,81.67,81.91
2017-09-14,81.98,82.0,81.0,81.28
2017-09-15,81.33,81.88,80.52,81.43
2017-09-18,81.24,81.61,81.04,81.4
2017-09-19,81.3,81.42,80.6,80.83
2017-09-20,80.49,80.56,79.13,79.87
2017-09-21,79.99,80.46,78.94,79.01
2017-09-22,79.01,79.24,77.4,77.52
2017-09-25,77.6,78.45,77.47,78.42
2017-09-26,78.6,78.91,78.03,78.59
2017-09-27,78.64,78.8,77.8,78.23
2017-09-28,78.28,78.75,77.73,77.97
2017-09-29,78.03,78.27,77.44,77.55
2017-10-02,77.55,78.27,76.89,77.85
2017-10-03,77.95,78.14,77.29,77.82
2017-10-04,77.23,78.15,76.76,77.77
2017-10-05,77.95,78.48,77.7,78.25
2017-10-06,78.84,78.94,77.98,78.18
2017-10-09,78.29,78.62,77.19,77.33
2017-10-10,77.75,78.25,77.66,78.14
2017-10-11,78.06,78.66,77.92,78.19
2017-10-12,78.35,78.65,78.04,78.15
2017-10-13,78.55,78.6,77.66,77.74
2017-10-16,77.79,78.09,77.48,77.65
2017-10-17,77.73,78.01,77.34,77.54
2017-10-18,77.41,77.46,76.67,77.1
2017-10-19,77.0,77.09,76.31,76.47
2017-10-20,76.77,77.1,76.12,76.71
2017-10-23,76.88,77.1,76.45,77.06
2017-10-24,77.12,77.42,76.93,77.22
2017-10-25,76.73,77.42,76.23,77.33
2017-10-26,77.59,77.94,77.15,77.3
2017-10-27,76.82,77.47,76.23,77.3
2017-10-30,77.2,77.22,75.21,75.27
2017-10-31,76.18,77.4,76.02,77.33
2017-11-01,77.71,77.86,77.08,77.7
2017-11-02,76.84,78.19,75.51,78.03
2017-11-03,77.87,78.19,77.57,78.0
2017-11-06,78.09,78.22,76.51,77.0
2017-11-07,76.93,78.64,76.49,78.18
2017-11-08,78.64,80.09,78.22,79.58
2017-11-09,79.26,79.94,79.02,79.41
2017-11-10,78.97,79.88,78.97,79.72
2017-11-13,79.66,80.37,79.6,79.85
2017-11-14,79.54,79.88,79.03,79.38
2017-11-15,79.49,79.89,78.57,78.78
2017-11-16,78.72,80.16,78.51,79.68
2017-11-17,79.63,80.07,79.28,79.63
2017-11-20,79.7,80.96,79.63,79.93
2017-11-21,80.12,80.29,79.76,80.01
2017-11-22,80.04,80.2,79.59,79.82
2017-11-24,80.25,80.35,79.54,79.76
2017-11-27,79.76,80.04,79.45,79.61
2017-11-28,79.7,79.86,78.72,78.98
2017-11-29,78.95,81.56,78.83,81.09
2017-11-30,81.44,82.18,80.5,81.37
2017-12-01,80.95,81.6,80.29,81.21
2017-12-04,81.32,82.29,81.17,81.92
2017-12-05,82.05,82.48,80.51,80.64
2017-12-06,80.75,81.14,80.24,80.49
2017-12-07,80.17,80.5,79.31,79.36
2017-12-08,79.6,79.71,77.94,78.48
2017-12-11,78.18,78.39,77.19,78.37
2017-12-12,78.33,79.09,78.12,78.95
2017-12-13,79.25,79.6,78.77,79.28
2017-12-14,79.28,79.7,78.87,78.98
2017-12-15,79.8,79.83,79.01,79.54
2017-12-18,79.98,80.36,79.29,79.37
2017-12-19,79.52,79.82,78.39,78.52
2017-12-20,78.81,78.89,77.32,77.38
2017-12-21,77.84,78.17,77.07,77.88
2017-12-22,78.14,78.6,77.88,78.24
2017-12-26,78.12,78.47,78.0,78.11
2017-12-27,78.24,78.6,77.95,77.98
2017-12-28,78.22,78.29,77.72,77.92
2017-12-29,77.7,78.68,77.69,77.76
2018-01-02,78.22,78.31,76.88,77.02
2018-01-03,77.33,77.59,76.9,77.01
2018-01-04,77.23,78.22,77.06,77.91
2018-01-05,78.04,78.33,77.23,77.84
2018-01-08,77.82,78.58,77.82,78.48
2018-01-09,78.54,78.72,78.05,78.62
2018-01-10,78.65,78.65,77.4,77.89
2018-01-11,78.02,78.2,77.02,77.13
2018-01-12,77.35,77.57,76.6,77.35
2018-01-16,77.97,78.92,77.56,78.64
2018-01-17,79.11,80.67,78.79,80.07
2018-01-18,80.16,80.6,79.02,79.27
2018-01-19,79.53,79.96,79.1,79.66
2018-01-22,79.82,80.45,79.76,80.17
2018-01-23,79.76,80.53,79.56,80.27
2018-01-24,80.5,80.59,79.71,79.86
2018-01-25,80.0,80.44,79.38,79.67
2018-01-26,79.9,80.0,78.4,79.39
2018-01-29,79.17,79.88,78.39,78.42
2018-01-30,78.64,79.66,78.43,78.5
2018-01-31,78.62,78.88,77.85,78.39
2018-02-01,78.12,78.95,77.6,78.57
2018-02-02,78.12,78.34,76.65,77.19
2018-02-05,77.29,77.94,74.17,74.26
2018-02-06,73.84,74.32,72.05,74.31
2018-02-07,73.84,74.71,73.52,73.55
2018-02-08,73.6,74.04,71.25,71.58
2018-02-09,72.0,72.66,70.25,71.38
2018-02-12,71.52,72.63,71.45,71.81
2018-02-13,71.52,71.99,70.68,71.71
2018-02-14,71.34,72.04,70.7,71.92
2018-02-15,72.19,72.78,70.65,72.71
2018-02-16,69.94,71.25,67.65,70.8
2018-02-20,70.78,70.8,68.02,68.69
2018-02-21,68.92,68.93,67.44,67.47
2018-02-22,67.38,68.25,67.05,67.64
2018-02-23,67.96,69.11,67.35,69.02
2018-02-26,69.6,70.0,68.56,69.74
2018-02-27,69.61,70.02,67.86,67.87
2018-02-28,68.27,68.59,67.03,67.05
2018-03-01,67.14,67.99,66.36,66.89
2018-03-02,67.02,67.61,66.52,67.17
2018-03-05,66.72,67.73,66.72,67.43
2018-03-06,67.7,67.87,67.23,67.77
2018-03-07,67.35,67.59,66.73,67.46
2018-03-08,67.17,67.36,66.47,66.99
2018-03-09,67.2,67.6,66.53,67.23
2018-03-12,67.26,67.89,67.1,67.7
2018-03-13,67.84,67.95,67.16,67.37
2018-03-14,67.61,67.91,66.22,66.58
2018-03-15,66.4,66.67,65.11,65.46
2018-03-16,65.45,65.84,64.94,65.36
2018-03-19,65.18,65.36,63.58,63.95
2018-03-20,64.03,64.21,62.82,63.18
2018-03-21,62.53,62.76,61.75,61.99
2018-03-22,61.73,61.96,60.49,60.53
2018-03-23,60.73,61.66,59.95,60.03
2018-03-26,60.88,61.73,60.53,61.65
2018-03-27,61.74,61.98,60.39,60.7
2018-03-28,60.84,61.96,60.75,61.37
2018-03-29,61.79,62.62,61.68,62.29
2018-04-02,61.94,62.0,59.79,60.06
2018-04-03,60.62,60.66,59.48,60.24
2018-04-04,59.79,61.82,59.73,61.38
2018-04-05,61.7,61.9,60.95,61.31
2018-04-06,61.09,61.98,60.16,60.54
2018-04-09,60.89,61.4,60.34,60.65
2018-04-10,61.65,61.82,60.62,61.25
2018-04-11,60.85,61.83,60.78,61.54
2018-04-12,61.53,61.71,60.78,60.94
2018-04-13,61.07,61.13,60.49,60.92
2018-04-16,60.02,61.31,59.92,61.19
2018-04-17,61.69,61.81,61.09,61.69
2018-04-18,61.66,61.8,60.35,60.79
2018-04-19,60.75,60.89,59.63,59.73
2018-04-20,59.85,60.16,57.55,58.22
2018-04-23,58.0,58.19,57.41,57.68
2018-04-24,57.95,58.0,56.11,56.53
2018-04-25,56.52,57.4,56.29,56.85
2018-04-26,57.03,57.47,56.51,57.33
2018-04-27,57.43,58.26,57.36,57.66
2018-04-30,57.9,58.16,56.36,56.38
2018-05-01,56.32,56.44,55.3,55.7
2018-05-02,55.88,55.95,54.11,54.2
2018-05-03,56.27,56.4,54.94,54.95
2018-05-04,55.0,58.45,54.69,58.01
2018-05-07,58.5,59.24,58.19,58.83
2018-05-08,58.69,59.13,57.62,58.76
2018-05-09,58.94,59.32,58.09,58.48
2018-05-10,58.75,59.35,58.55,59.04
2018-05-11,58.97,59.86,58.97,59.24
2018-05-14,59.37,59.6,58.92,59.28
2018-05-15,59.16,59.49,58.62,59.04
2018-05-16,59.06,59.32,58.53,59.29
2018-05-17,58.72,58.84,57.72,58.06
2018-05-18,57.61,57.66,55.71,56.79
2018-05-21,57.0,57.35,56.2,56.45
2018-05-22,56.58,57.26,56.21,56.58
2018-05-23,56.3,57.08,56.3,56.98
2018-05-24,57.0,57.16,56.38,57.06
2018-05-25,57.12,58.12,57.1,57.77
2018-05-29,57.57,57.86,56.94,57.4
2018-05-30,57.65,59.06,57.44,58.84
2018-05-31,58.79,58.94,57.15,57.48
2018-06-01,57.64,58.18,57.28,57.65
2018-06-04,57.85,58.66,57.75,58.42
2018-06-05,58.78,58.79,57.67,57.92
2018-06-06,58.09,58.09,57.01,57.92
2018-06-07,57.51,58.16,57.07,57.67
2018-06-08,57.79,58.59,57.67,58.47
2018-06-11,58.6,60.14,58.58,59.88
2018-06-12,60.23,60.65,59.29,60.12
2018-06-13,60.36,60.68,59.65,60.1
2018-06-14,60.39,61.01,59.94,60.67
2018-06-15,60.81,61.64,60.39,61.61
2018-06-18,61.43,62.65,60.47,60.87
2018-06-19,60.59,62.27,60.5,62.14
2018-06-20,62.27,63.34,62.0,63.04
2018-06-21,63.05,63.2,62.25,62.57
2018-06-22,62.81,63.45,62.66,63.21
2018-06-25,62.85,64.54,62.82,63.32
2018-06-26,63.58,63.61,62.35,63.21
2018-06-27,62.99,63.81,62.51,62.69
2018-06-28,62.84,63.32,62.51,62.65
2018-06-29,62.91,63.23,62.13,62.82
2018-07-02,62.5,62.59,61.52,62.09
2018-07-03,62.33,63.13,62.33,62.64
2018-07-05,63.28,64.0,62.64,63.95
2018-07-06,64.0,64.62,63.67,64.43
2018-07-09,64.65,64.75,63.62,63.97
2018-07-10,64.34,64.34,63.33,64.0
2018-07-11,63.91,64.28,63.51,63.74
2018-07-12,63.93,64.05,63.29,63.64
2018-07-13,63.64,64.59,63.5,63.85
2018-07-16,63.89,63.99,62.59,62.64
2018-07-17,62.64,63.38,62.55,63.05
2018-07-18,63.05,63.18,61.54,61.59
2018-07-19,61.31,62.01,60.88,61.34
2018-07-20,61.27,61.38,60.55,60.69
2018-07-23,60.4,60.89,60.14,60.3
2018-07-24,60.3,60.47,59.15,59.67
2018-07-25,59.71,60.16,58.94,59.84
2018-07-26,60.72,61.7,60.23,60.48
2018-07-27,60.6,61.05,59.89,60.26
2018-07-30,60.1,60.62,59.82,60.28
2018-07-31,60.61,61.17,60.01,60.25
2018-08-01,60.0,60.1,59.25,59.28
2018-08-02,59.1,59.65,58.24,59.4
2018-08-03,61.0,64.99,60.38,64.48
2018-08-06,63.85,64.12,62.15,62.3
2018-08-07,62.5,62.54,61.08,61.32
2018-08-08,60.08,60.85,59.5,60.28
2018-08-09,60.42,60.62,59.68,60.0
2018-08-10,59.76,60.0,59.1,59.65
2018-08-13,59.48,59.71,58.83,59.28
2018-08-14,59.5,60.06,59.43,59.52
2018-08-15,59.56,59.58,58.98,59.09
2018-08-16,58.97,60.15,58.83,60.03
2018-08-17,60.3,61.31,59.77,61.02
2018-08-20,61.03,61.68,60.61,60.64
2018-08-21,60.75,60.75,59.59,59.84
2018-08-22,59.98,60.1,59.34,59.55
2018-08-23,59.26,59.49,58.75,58.8
2018-08-24,58.92,59.42,58.76,59.03
2018-08-27,59.35,59.87,59.18,59.57
2018-08-28,59.51,59.87,58.79,58.79
2018-08-29,58.9,59.37,58.56,59.3
2018-08-30,59.13,59.57,58.16,58.22
2018-08-31,58.35,58.57,57.63,58.27
2018-09-04,58.45,58.62,56.55,56.66
2018-09-05,56.65,57.71,56.29,57.0
2018-09-06,57.04,57.25,56.06,56.8
2018-09-07,56.69,56.72,56.17,56.59
2018-09-10,56.9,57.48,56.81,57.24
2018-09-11,57.35,57.87,56.69,57.76
2018-09-12,58.23,59.53,57.8,59.12
2018-09-13,59.25,59.91,58.9,59.49
2018-09-14,59.3,59.36,58.6,58.97
2018-09-17,58.02,58.49,57.7,58.35
2018-09-18,57.85,58.05,56.38,57.1
2018-09-19,57.32,57.45,56.82,56.89
2018-09-20,57.28,57.94,57.22,57.57
2018-09-21,57.93,57.94,57.05,57.12
2018-09-24,57.0,57.3,56.23,56.52
2018-09-25,56.65,56.84,55.6,55.66
2018-09-26,55.91,55.92,55.07,55.17
2018-09-27,55.11,55.77,54.32,55.04
2018-09-28,54.98,55.44,54.4,55.11
2018-10-01,55.49,55.94,55.23,55.54
2018-10-02,55.57,56.29,55.46,55.93
2018-10-03,56.07,56.5,55.38,55.6
2018-10-04,55.45,55.88,55.14,55.52
2018-10-05,55.7,56.04,55.23,55.89
2018-10-08,55.85,57.31,55.85,57.06
2018-10-09,57.3,57.48,55.59,56.07
2018-10-10,55.81,57.03,55.73,55.74
2018-10-11,55.97,56.23,53.57,53.82
2018-10-12,53.94,54.43,53.03,54.24
2018-10-15,54.05,54.96,54.05,54.47
2018-10-16,54.71,55.66,54.49,55.44
2018-10-17,55.41,57.02,55.3,56.4
2018-10-18,56.41,56.92,55.43,55.54
2018-10-19,56.15,57.76,56.1,57.56
2018-10-22,57.66,58.08,56.09,56.21
2018-10-23,56.2,56.86,55.53,56.6
2018-10-24,56.42,57.38,55.7,55.78
2018-10-25,55.76,56.54,55.34,55.98
2018-10-26,55.51,55.58,54.3,54.65
2018-10-29,55.17,56.11,54.72,55.52
2018-10-30,55.62,56.43,55.33,55.85
2018-10-31,55.5,55.55,53.77,54.97
2018-11-01,55.13,56.5,54.61,56.2
2018-11-02,52.25,52.52,50.41,50.73
2018-11-05,51.07,53.0,51.04,52.39
2018-11-06,52.77,53.72,52.43,53.46
2018-11-07,53.85,54.03,52.9,53.55
2018-11-08,53.25,53.6,52.94,53.31
2018-11-09,53.36,54.15,53.07,53.99
2018-11-12,54.03,54.87,53.51,53.67
2018-11-13,53.75,54.27,52.98,53.38
2018-11-14,53.43,53.56,52.17,52.64
2018-11-15,52.0,52.27,51.45,51.99
2018-11-16,52.01,52.9,51.77,52.08
2018-11-19,51.97,52.74,51.73,51.89
2018-11-20,52.05,52.37,50.71,50.94
2018-11-21,51.03,51.48,50.72,51.16
2018-11-23,51.03,51.5,50.83,51.04
2018-11-26,51.56,51.72,50.95,51.07
2018-11-27,50.93,51.85,50.59,51.8
2018-11-28,51.32,51.41,50.62,51.18
2018-11-29,50.96,51.66,50.83,51.19
2018-11-30,51.11,51.29,50.78,51.12
2018-12-03,51.4,51.66,50.88,51.42
2018-12-04,51.4,51.69,49.86,49.98
2018-12-06,50.0,50.23,48.52,49.52
2018-12-07,49.4,49.94,48.52,48.71
2018-12-10,48.86,49.0,47.19,48.27
2018-12-11,48.71,49.31,48.13,48.38
2018-12-12,48.95,49.17,48.23,48.26
2018-12-13,48.37,48.63,48.0,48.47
2018-12-14,48.36,48.45,47.37,47.46
2018-12-17,47.5,47.99,46.37,46.82
2018-12-18,46.98,47.24,45.88,46.15
2018-12-19,46.5,46.88,44.87,45.09
2018-12-20,45.08,45.48,44.42,44.85
2018-12-21,45.05,45.9,43.95,44.05
2018-12-24,44.06,44.22,42.44,42.54
2018-12-26,42.66,43.29,41.6,43.29
2018-12-27,43.22,43.79,42.28,43.76
2018-12-28,43.89,44.55,43.39,43.57
2018-12-31,42.91,43.42,42.34,43.04
2019-01-02,42.75,43.72,42.28,43.34
2019-01-03,43.15,43.88,42.98,43.31
2019-01-04,44.08,44.64,43.5,44.49
2019-01-07,44.49,45.71,44.01,45.33
2019-01-08,45.61,45.73,45.04,45.37
2019-01-09,45.31,45.47,44.77,45.13
2019-01-10,45.15,45.67,44.79,45.6
2019-01-11,45.79,45.87,44.78,45.61
2019-01-14,45.57,46.42,45.44,46.25
2019-01-15,46.66,46.92,46.24,46.91
2019-01-16,47.0,47.34,46.64,46.84
2019-01-17,46.92,47.1,46.31,47.08
2019-01-18,47.42,47.8,47.0,47.53
2019-01-22,47.84,47.9,46.51,47.28
2019-01-23,47.53,47.7,46.58,47.06
2019-01-24,46.58,47.08,46.4,46.54
2019-01-25,46.84,47.24,46.66,46.75
2019-01-28,46.78,47.11,46.06,46.9
2019-01-29,47.04,47.26,46.41,46.88
2019-01-30,47.0,47.14,46.52,46.75
2019-01-31,46.97,48.1,46.94,48.06
2019-02-01,48.14,48.24,47.52,47.76
2019-02-04,47.82,47.98,47.39,47.73
2019-02-05,47.62,48.16,47.46,48.14
2019-02-06,47.95,48.07,47.48,47.69
2019-02-07,47.07,47.69,46.82,47.23
2019-02-08,47.2,47.48,46.64,47.46
2019-02-11,47.5,47.75,46.88,47.33
2019-02-12,47.59,48.47,47.5,48.11
2019-02-13,48.31,48.42,47.61,47.64
2019-02-14,47.48,47.66,46.89,47.34
2019-02-15,47.82,48.09,47.34,47.62
2019-02-19,47.82,48.38,47.63,47.77
2019-02-20,47.9,48.5,47.63,48.26
2019-02-21,48.39,48.66,47.85,48.18
2019-02-22,35.85,36.0,34.51,34.95
2019-02-25,35.0,35.42,34.06,34.23
2019-02-26,34.24,34.51,33.04,33.12
2019-02-27,33.15,33.25,32.05,32.2
2019-02-28,32.42,33.64,31.82,33.19
2019-03-01,33.41,33.49,32.35,32.4
2019-03-04,32.9,33.55,32.77,33.23
2019-03-05,33.38,33.39,32.66,33.04
2019-03-06,33.13,33.2,32.75,32.86
2019-03-07,32.63,32.63,31.81,31.89
2019-03-08,31.69,32.3,31.6,32.1
2019-03-11,31.99,32.19,31.65,32.17
2019-03-12,32.2,32.42,31.86,31.99
2019-03-13,32.07,32.31,31.9,32.3
2019-03-14,32.34,32.5,31.85,31.87
2019-03-15,31.95,32.22,31.65,32.09
2019-03-18,31.8,32.1,31.53,32.03
2019-03-19,31.97,32.48,31.88,32.13
2019-03-20,32.1,32.18,31.74,32.02
2019-03-21,32.04,32.85,31.92,32.75
2019-03-22,32.83,32.85,32.19,32.29
2019-03-25,32.27,32.54,32.03,32.5
2019-03-26,32.54,33.05,32.51,32.9
2019-03-27,32.9,33.19,32.41,32.64
2019-03-28,32.7,33.03,32.68,32.89
2019-03-29,32.67,33.05,32.55,32.65
2019-04-01,32.8,32.98,32.41,32.5
2019-04-02,32.56,32.73,32.02,32.08
2019-04-03,32.24,32.36,32.02,32.25
2019-04-04,32.3,32.79,32.11,32.69
2019-04-05,32.69,33.2,32.62,33.17
2019-04-08,33.23,33.37,32.96,33.19
2019-04-09,33.16,33.23,32.85,32.95
2019-04-10,32.98,33.07,32.7,32.98
2019-04-11,33.08,33.2,32.8,32.99
2019-04-12,33.12,33.32,32.91,33.07
2019-04-15,33.09,33.18,32.84,33.14
2019-04-16,33.07,33.5,33.01,33.04
2019-04-17,33.05,33.11,32.85,32.89
2019-04-18,33.02,33.08,32.85,32.96
2019-04-22,33.53,33.78,32.81,32.9
2019-04-23,32.93,33.17,32.85,33.1
2019-04-24,32.86,32.9,32.33,32.76
2019-04-25,32.67,32.74,32.44,32.52
2019-04-26,32.7,33.1,32.58,33.06
2019-04-29,33.16,33.33,33.03,33.27
2019-04-30,33.31,33.47,33.06,33.24
2019-05-01,33.2,33.57,32.93,32.99
2019-05-02,32.7,32.83,31.82,32.18
2019-05-03,32.35,32.66,32.03,32.58
2019-05-06,32.35,32.94,32.31,32.77
2019-05-07,32.63,32.96,32.2,32.5
2019-05-08,32.5,32.62,32.26,32.43
2019-05-09,32.3,32.64,31.97,32.58
2019-05-10,32.56,32.73,31.67,32.65
2019-05-13,32.29,32.43,31.82,31.97
2019-05-14,32.08,32.4,31.98,32.27
2019-05-15,32.2,32.44,31.86,32.4
2019-05-16,32.37,32.73,32.29,32.46
2019-05-17,32.41,32.87,32.2,32.53
2019-05-20,32.32,32.36,31.64,31.79
2019-05-21,31.92,32.18,31.53,31.98
2019-05-22,31.98,32.11,31.7,31.88
2019-05-23,31.71,31.76,31.2,31.45
2019-05-24,31.62,31.73,31.03,31.11
2019-05-28,31.1,31.12,29.01,29.06
2019-05-29,28.89,28.95,28.43,28.68
2019-05-30,28.28,28.31,27.25,27.4
2019-05-31,27.27,27.68,26.96,27.65
2019-06-03,27.68,28.49,27.67,28.42
2019-06-04,28.49,28.73,28.4,28.67
2019-06-05,28.85,28.85,28.27,28.47
2019-06-06,28.44,28.64,28.17,28.62
2019-06-07,28.7,28.95,28.61,28.74
2019-06-10,30.1,30.5,29.85,30.31
2019-06-11,30.3,30.35,29.8,30.24
2019-06-12,30.21,30.37,29.97,30.13
2019-06-13,30.1,30.68,30.1,30.41
2019-06-14,30.49,30.53,29.98,30.31
2019-06-17,30.37,30.43,30.12,30.17
2019-06-18,30.43,30.49,30.12,30.27
2019-06-19,30.17,31.0,30.11,30.96
2019-06-20,31.15,31.36,30.92,31.13
2019-06-21,31.11,31.5,30.79,31.48
2019-06-24,31.34,31.48,30.48,30.52
2019-06-25,30.39,30.85,30.35,30.68
2019-06-26,30.41,30.95,30.16,30.84
2019-06-27,30.68,30.83,30.55,30.77
2019-06-28,30.9,31.07,30.68,31.04
2019-07-01,31.26,31.44,30.33,30.46
2019-07-02,30.43,30.64,30.23,30.52
2019-07-03,30.84,31.33,30.64,31.25
2019-07-05,31.21,31.21,30.52,30.99
2019-07-08,30.99,31.05,30.58,30.69
2019-07-09,30.6,30.81,30.43,30.5
2019-07-10,30.6,31.35,30.58,31.3
2019-07-11,31.43,31.58,30.61,30.65
2019-07-12,30.65,30.92,30.55,30.8
2019-07-15,30.87,30.92,30.56,30.68
2019-07-16,30.68,30.75,30.24,30.32
2019-07-17,30.39,30.52,30.26,30.44
2019-07-18,30.44,31.14,30.35,31.05
2019-07-19,30.98,31.72,30.76,31.54
2019-07-22,31.58,31.84,31.31,31.49
2019-07-23,31.51,32.39,31.45,31.95
2019-07-24,31.94,32.08,31.58,32.07
2019-07-25,31.81,32.18,31.34,31.55
2019-07-26,31.67,31.95,31.44,31.85
2019-07-29,31.9,31.96,31.55,31.76
2019-07-30,31.63,31.86,31.31,31.84
2019-07-31,31.87,32.26,31.46,32.01
2019-08-01,32.1,33.25,31.63,32.53
2019-08-02,32.62,32.69,31.79,32.21
2019-08-05,31.77,31.94,31.22,31.44
2019-08-06,31.44,31.5,30.55,30.58
2019-08-07,30.53,31.0,29.49,30.87
2019-08-08,26.73,28.24,26.05,28.22
2019-08-09,27.64,27.79,26.44,26.5
2019-08-12,26.5,26.6,25.74,26.29
2019-08-13,26.12,26.67,25.95,25.96
2019-08-14,25.85,26.28,25.19,25.52
2019-08-15,25.5,25.58,24.89,25.06
2019-08-16,25.2,25.65,25.1,25.41
2019-08-19,25.7,25.87,25.44,25.71
2019-08-20,25.28,25.41,25.09,25.14
2019-08-21,25.17,25.47,25.03,25.27
2019-08-22,25.29,25.72,25.22,25.62
2019-08-23,25.61,25.85,25.26,25.33
2019-08-26,25.53,25.65,25.25,25.58
2019-08-27,25.58,25.6,24.98,25.0
2019-08-28,24.96,25.27,24.86,25.17
2019-08-29,25.41,25.56,25.3,25.33
2019-08-30,25.53,25.81,25.41,25.52
2019-09-03,25.42,26.14,25.22,26.06
2019-09-04,26.26,26.36,25.91,26.26
2019-09-05,26.36,27.0,26.36,26.59
2019-09-06,26.67,27.46,26.46,27.28
2019-09-09,27.32,28.16,27.25,28.08
2019-09-10,28.1,28.97,28.08,28.96
2019-09-11,29.11,29.68,28.78,29.28
2019-09-12,29.57,29.71,28.98,29.03
2019-09-13,29.19,29.48,29.07,29.25
2019-09-16,29.13,29.76,29.07,29.62
2019-09-17,28.49,28.72,28.24,28.36
2019-09-18,28.3,28.56,28.1,28.41
2019-09-19,28.4,28.5,28.04,28.15
2019-09-20,28.11,28.47,28.02,28.14
2019-09-23,28.2,28.28,27.93,28.2
2019-09-24,28.21,28.26,27.68,27.93
2019-09-25,27.98,28.2,27.87,28.14
2019-09-26,28.2,28.29,27.89,28.01
2019-09-27,28.1,28.23,27.7,27.84
2019-09-30,27.89,28.02,27.62,27.93
2019-10-01,27.93,28.0,27.22,27.34
2019-10-02,27.21,27.24,26.27,26.55
2019-10-03,26.49,26.56,25.97,26.54
2019-10-04,26.53,27.0,26.41,26.98
2019-10-07,27.03,27.18,26.72,26.94
2019-10-08,26.88,27.0,26.53,26.71
2019-10-09,26.87,26.92,26.54,26.73
2019-10-10,26.79,27.07,26.71,26.94
2019-10-11,27.03,27.32,26.97,27.08
2019-10-14,27.08,27.39,26.79,27.32
2019-10-15,27.3,27.62,27.1,27.49
2019-10-16,27.52,27.82,27.39,27.44
2019-10-17,27.5,27.82,27.28,27.77
2019-10-18,27.83,28.16,27.6,27.61
2019-10-21,27.61,28.02,27.41,27.81
2019-10-22,27.83,28.57,27.53,28.5
2019-10-23,28.47,28.61,28.07,28.61
2019-10-24,28.63,28.63,28.12,28.45
2019-10-25,28.42,28.59,28.21,28.38
2019-10-28,28.36,28.48,28.13,28.37
2019-10-29,28.37,28.4,28.04,28.14
2019-10-30,28.1,28.68,27.94,28.5
2019-10-31,30.09,32.46,28.5,32.33
2019-11-01,32.12,33.38,32.12,32.61
2019-11-04,32.9,33.41,32.74,33.33
2019-11-05,33.29,33.29,32.38,32.91
2019-11-06,33.14,33.43,32.97,33.14
2019-11-07,33.17,33.25,32.48,32.72
2019-11-08,32.76,32.91,32.5,32.85
2019-11-11,32.89,32.89,32.58,32.76
2019-11-12,32.71,33.22,32.58,32.98
2019-11-13,32.87,33.42,32.72,33.3
2019-11-14,32.49,32.49,30.61,30.96
2019-11-15,30.96,31.5,30.92,31.3
2019-11-18,31.24,31.3,30.41,31.01
2019-11-19,31.11,31.49,31.03,31.3
2019-11-20,31.15,31.44,30.96,31.09
2019-11-21,31.0,31.0,30.16,30.24
2019-11-22,30.35,30.64,30.22,30.54
2019-11-25,30.62,31.13,30.39,31.06
2019-11-26,31.2,31.25,30.28,30.47
2019-11-27,30.71,30.85,30.32,30.37
2019-11-29,30.32,30.56,30.16,30.5
2019-12-02,30.5,30.95,30.33,30.95
2019-12-03,30.83,30.9,30.47,30.8
2019-12-04,30.79,31.28,30.75,31.03
2019-12-05,31.28,31.68,31.09,31.25
2019-12-06,31.28,31.35,30.95,31.09
2019-12-09,31.24,32.24,31.14,31.93
2019-12-10,32.05,32.23,31.82,31.88
2019-12-11,31.94,32.12,31.59,31.6
2019-12-12,31.65,32.13,31.62,31.94
2019-12-13,32.0,32.12,31.41,31.6
2019-12-16,31.76,32.0,31.55,31.74
2019-12-17,31.69,31.78,31.36,31.62
2019-12-18,31.7,31.9,31.62,31.75
2019-12-19,31.86,32.11,31.61,31.9
2019-12-20,32.03,32.25,31.78,32.22
2019-12-23,32.2,32.3,31.82,31.92
2019-12-24,31.93,32.08,31.86,31.98
2019-12-26,31.95,31.98,31.5,31.63
2019-12-27,31.72,31.89,31.53,31.62
2019-12-30,31.67,31.81,31.56,31.71
2019-12-31,31.7,32.31,31.54,32.13
2020-01-02,32.29,32.42,31.5,31.61
2020-01-03,31.5,31.65,31.22,31.24
2020-01-06,31.17,31.47,30.9,31.31
2020-01-07,31.25,31.29,30.51,30.76
2020-01-08,30.74,30.94,30.35,30.59
2020-01-09,30.67,30.69,29.94,30.58
2020-01-10,30.59,30.87,30.57,30.7
2020-01-13,30.91,31.18,30.7,31.16
2020-01-14,31.13,31.75,31.12,31.73
2020-01-15,31.69,31.96,31.54,31.6
2020-01-16,31.7,32.02,31.65,31.73
2020-01-17,31.8,31.86,30.95,31.03
2020-01-21,30.96,31.12,30.41,31.01
2020-01-22,31.08,31.08,30.5,30.67
2020-01-23,30.53,30.79,30.34,30.68
2020-01-24,30.7,30.73,30.09,30.41
2020-01-27,30.15,30.48,29.86,30.35
2020-01-28,30.45,30.67,30.09,30.13
2020-01-29,30.11,30.11,29.59,29.62
2020-01-30,29.61,29.99,29.27,29.94
2020-01-31,29.9,29.92,29.04,29.2
2020-02-03,29.2,29.38,28.92,29.15
2020-02-04,29.5,29.62,29.09,29.15
2020-02-05,29.36,29.95,29.11,29.37
2020-02-06,29.32,29.6,28.92,29.06
2020-02-07,28.96,30.3,28.71,29.54
2020-02-10,29.65,29.85,29.4,29.69
2020-02-11,29.89,30.15,29.62,30.01
2020-02-12,30.17,30.55,29.95,30.04
2020-02-13,29.12,29.23,27.36,27.77
2020-02-14,27.85,27.92,26.46,26.88
2020-02-18,26.77,27.45,26.3,27.33
2020-02-19,27.36,27.45,27.11,27.31
2020-02-20,27.27,27.78,27.15,27.42
2020-02-21,27.2,27.51,27.17,27.26
2020-02-24,26.96,27.14,26.26,26.63
2020-02-25,26.62,26.7,25.75,26.07
2020-02-26,26.23,26.24,25.36,25.64
2020-02-27,25.38,25.49,24.76,24.97
2020-02-28,24.55,24.81,24.01,24.77
2020-03-02,24.75,26.08,24.57,26.07
2020-03-03,26.0,26.52,25.25,25.5
2020-03-04,25.93,26.48,25.6,26.45
2020-03-05,25.83,26.75,25.73,26.65
2020-03-06,25.66,26.39,25.62,26.03
2020-03-09,24.08,24.7,23.67,23.96
2020-03-10,24.67,24.89,23.49,24.5
2020-03-11,23.91,24.24,23.3,23.66
2020-03-12,21.9,22.07,20.04,20.06
2020-03-13,21.24,23.99,20.7,23.97
2020-03-16,20.9,23.57,19.99,22.02
2020-03-17,22.21,23.91,20.84,23.83
2020-03-18,22.19,23.99,21.93,23.69
2020-03-19,23.29,23.56,21.92,22.28
2020-03-20,22.45,23.24,21.78,22.28
2020-03-23,22.29,23.3,20.67,20.77
2020-03-24,21.83,23.35,21.55,22.99
2020-03-25,23.44,24.31,22.89,22.96
2020-03-26,23.32,24.87,22.99,24.77
2020-03-27,23.84,25.17,23.61,24.24
2020-03-30,24.64,25.3,24.04,25.17
2020-03-31,25.11,25.49,24.4,24.74
2020-04-01,24.02,24.39,23.5,23.68
2020-04-02,23.48,24.79,23.36,24.64
2020-04-03,24.39,25.48,24.39,25.32
2020-04-06,26.0,26.12,25.56,25.91
2020-04-07,26.97,27.48,26.04,26.61
2020-04-08,26.75,27.5,26.61,27.32
2020-04-09,27.35,28.5,27.35,28.11
2020-04-13,27.9,28.17,27.34,27.93
2020-04-14,28.09,28.67,27.93,28.45
2020-04-15,28.0,28.09,27.41,28.05
2020-04-16,28.5,29.41,28.2,29.23
2020-04-17,29.12,29.49,28.65,29.33
2020-04-20,28.98,29.8,28.88,29.17
2020-04-21,28.93,29.13,28.31,28.47
2020-04-22,28.83,28.94,28.45,28.76
2020-04-23,28.62,29.05,28.46,28.53
2020-04-24,28.59,29.33,28.59,29.23
2020-04-27,29.5,30.25,29.35,30.19
2020-04-28,30.48,30.77,30.06,30.43
2020-04-29,30.54,31.03,30.17,30.53
2020-04-30,30.13,30.89,29.53,30.33
2020-05-01,29.99,30.24,29.15,29.38
2020-05-04,29.14,29.24,28.45,28.93
2020-05-05,29.0,29.49,28.86,28.94
2020-05-06,29.14,29.57,28.88,29.4
2020-05-07,29.58,29.72,28.73,28.83
2020-05-08,29.09,29.67,28.93,29.56
2020-05-11,29.31,29.58,29.26,29.33
2020-05-12,29.34,29.78,29.34,29.38
2020-05-13,29.43,29.51,28.48,28.76
2020-05-14,28.45,28.93,28.12,28.8
2020-05-15,28.71,29.31,28.57,29.2
2020-05-18,30.06,31.13,30.06,30.87
2020-05-19,30.82,30.92,29.91,29.91
2020-05-20,30.19,30.47,29.99,30.24
2020-05-21,30.05,30.08,29.59,29.71
2020-05-22,29.57,29.99,29.56,29.95
2020-05-26,30.38,30.73,30.14,30.21
2020-05-27,30.39,31.06,30.28,31.03
2020-05-28,30.67,30.74,30.26,30.39
2020-05-29,30.27,30.59,29.77,30.47
2020-06-01,30.54,30.77,30.32,30.43
2020-06-02,30.48,31.46,30.44,31.43
2020-06-03,31.5,31.83,31.28,31.31
2020-06-04,30.99,31.5,30.85,31.49
2020-06-05,31.73,32.64,31.69,32.62
2020-06-08,32.55,33.99,32.53,33.97
2020-06-09,33.27,33.47,32.74,33.1
2020-06-10,33.14,33.18,32.42,32.5
2020-06-11,31.73,31.91,31.14,31.18
2020-06-12,31.79,31.98,31.23,31.8
2020-06-15,31.26,32.12,31.0,32.12
2020-06-16,32.64,32.87,32.04,32.73
2020-06-17,32.89,33.38,32.77,32.8
2020-06-18,32.51,33.19,32.51,33.18
2020-06-19,33.37,33.7,33.08,33.48
2020-06-22,33.06,33.37,32.81,33.15
2020-06-23,33.2,33.36,32.3,32.4
2020-06-24,32.1,32.31,31.68,32.13
2020-06-25,32.02,32.07,31.52,31.88
2020-06-26,31.86,31.86,30.8,30.9
2020-06-29,31.0,31.71,31.0,31.64
2020-06-30,31.64,32.05,31.5,31.89
2020-07-01,31.93,32.03,31.49,31.67
2020-07-02,31.95,32.21,31.73,31.81
2020-07-06,32.14,32.34,31.85,32.0
2020-07-07,31.79,32.28,31.78,32.05
2020-07-08,32.04,32.16,31.48,31.86
2020-07-09,31.64,31.75,31.16,31.37
2020-07-10,31.35,32.31,31.35,32.28
2020-07-13,32.51,32.95,32.18,32.51
2020-07-14,32.3,33.43,32.28,33.31
2020-07-15,33.5,33.5,33.05,33.15
2020-07-16,33.5,34.68,33.49,34.4
2020-07-17,34.61,35.19,34.37,35.01
2020-07-20,34.92,34.92,33.91,34.12
2020-07-21,34.29,34.89,34.29,34.53
2020-07-22,34.62,34.95,34.31,34.9
2020-07-23,34.76,35.13,34.29,34.86
2020-07-24,34.9,35.25,34.51,34.68
2020-07-27,34.69,34.88,34.49,34.84
2020-07-28,34.86,35.38,34.8,35.25
2020-07-29,35.55,35.87,35.4,35.57
2020-07-30,34.91,35.39,33.37,34.39
2020-07-31,34.12,34.83,33.83,34.38
2020-08-03,34.45,35.05,34.26,34.79
2020-08-04,34.79,35.13,34.39,35.08
2020-08-05,35.19,35.22,34.65,34.78
2020-08-06,34.78,35.33,34.68,35.28
2020-08-07,35.14,35.45,34.98,35.41
2020-08-10,35.3,35.35,34.53,34.79
2020-08-11,35.07,35.23,34.5,34.63
2020-08-12,34.89,35.49,34.77,35.33
2020-08-13,35.41,35.67,35.15,35.57
2020-08-14,35.34,35.67,35.13,35.59
2020-08-17,35.6,36.36,35.54,35.93
2020-08-18,35.97,35.97,35.26,35.66
2020-08-19,35.69,35.87,35.38,35.43
2020-08-20,35.24,35.29,34.73,34.85
2020-08-21,34.77,34.9,34.32,34.56
2020-08-24,34.69,35.09,34.35,35.09
2020-08-25,35.32,35.41,34.92,35.37
2020-08-26,35.12,35.36,34.84,35.31
2020-08-27,35.06,35.23,34.7,34.76
2020-08-28,34.76,34.91,34.25,34.88
2020-08-31,34.86,35.14,34.56,35.04
2020-09-01,34.75,34.78,33.92,34.14
2020-09-02,34.21,34.93,34.14,34.71
2020-09-03,34.71,35.04,33.27,33.55
2020-09-04,33.69,33.93,33.1,33.47
2020-09-08,33.18,33.18,31.64,31.76
2020-09-09,31.97,32.02,31.25,31.65
2020-09-10,31.61,32.23,31.33,31.51
2020-09-11,31.66,32.17,31.24,31.71
2020-09-14,31.84,32.17,31.44,31.87
2020-09-15,32.54,32.86,31.89,31.97
2020-09-16,32.31,32.36,31.17,31.36
2020-09-17,30.81,30.96,30.11,30.64
2020-09-18,30.7,30.7,29.48,29.74
2020-09-21,29.35,29.69,29.11,29.65
2020-09-22,29.65,29.87,29.14,29.23
2020-09-23,29.31,29.43,28.69,28.77
2020-09-24,28.8,29.16,28.57,28.84
2020-09-25,28.88,29.22,28.56,29.13
2020-09-28,29.65,29.99,29.44,29.83
2020-09-29,29.69,29.88,29.37,29.59
2020-09-30,29.61,30.21,29.61,29.95
2020-10-01,30.0,30.4,29.67,30.37
2020-10-02,29.94,30.58,29.93,30.47
2020-10-05,30.64,31.07,30.62,31.0
2020-10-06,31.05,31.27,30.6,30.67
2020-10-07,30.8,31.0,30.5,30.84
2020-10-08,30.93,31.33,30.92,31.22
2020-10-09,31.29,31.48,31.0,31.11
2020-10-12,31.43,32.07,31.41,31.65
2020-10-13,31.68,32.46,31.68,32.41
2020-10-14,32.4,32.87,31.87,32.15
2020-10-15,31.74,32.31,31.58,32.3
2020-10-16,32.38,32.62,32.1,32.16
2020-10-19,32.33,32.33,31.62,31.75
2020-10-20,32.05,32.32,31.9,31.99
2020-10-21,31.75,31.89,31.44,31.44
2020-10-22,31.4,31.6,31.07,31.23
2020-10-23,31.49,31.61,31.1,31.37
2020-10-26,31.07,31.15,30.41,30.58
2020-10-27,30.65,30.91,30.52,30.68
2020-10-28,30.22,30.32,29.21,29.22
2020-10-29,29.7,30.45,29.42,30.04
2020-10-30,30.07,30.69,29.95,30.59
2020-11-02,31.04,31.94,30.86,31.67
2020-11-03,31.86,32.5,31.7,31.78
2020-11-04,32.07,32.49,31.77,31.82
2020-11-05,31.89,32.36,31.48,31.7
2020-11-06,31.87,31.99,31.44,31.54
2020-11-09,32.48,32.58,30.59,30.62
2020-11-10,30.1,30.55,29.54,30.48
2020-11-11,30.67,31.36,30.43,31.35
2020-11-12,31.27,31.35,30.7,31.1
2020-11-13,31.27,31.62,31.05,31.61
2020-11-16,31.62,32.18,31.42,32.15
2020-11-17,31.79,31.79,31.33,31.59
2020-11-18,31.75,32.42,31.54,31.63
2020-11-19,31.52,31.93,31.4,31.88
2020-11-20,31.8,32.33,31.75,32.26
2020-11-23,32.37,32.88,32.21,32.6
2020-11-24,32.94,33.85,32.72,33.83
2020-11-25,33.21,33.25,32.5,32.54
2020-11-27,32.76,33.04,32.62,32.84
2020-11-30,32.66,32.96,32.47,32.94
2020-12-01,32.97,33.22,32.77,33.14
2020-12-02,33.0,33.32,32.76,32.78
2020-12-03,32.84,33.59,32.8,33.45
2020-12-04,33.76,34.15,33.64,34.12
2020-12-07,33.92,33.92,33.46,33.6
2020-12-08,33.63,34.45,33.49,34.34
2020-12-09,34.47,34.6,33.98,34.22
2020-12-10,34.03,34.24,33.88,34.1
2020-12-11,33.88,34.17,33.8,34.07
2020-12-14,34.19,34.69,34.16,34.42
2020-12-15,34.41,34.41,33.92,34.33
2020-12-16,34.42,34.66,34.26,34.43
2020-12-17,34.66,34.78,34.46,34.62
2020-12-18,34.88,35.37,34.51,34.77
2020-12-21,34.28,34.65,34.23,34.57
2020-12-22,34.64,34.8,34.34,34.39
2020-12-23,34.53,35.03,34.53,34.8
2020-12-24,34.79,34.98,34.62,34.98
2020-12-28,35.05,35.41,34.93,35.21
2020-12-29,35.33,35.36,34.73,34.9
2020-12-30,34.93,35.03,34.65,34.67
2020-12-31,34.65,34.72,34.21,34.66
2021-01-04,34.59,34.67,33.92,34.23
2021-01-05,34.27,34.39,33.23,33.57
2021-01-06,33.69,34.2,33.41,33.94
2021-01-07,33.91,34.05,33.45,33.7
2021-01-08,33.51,33.65,33.21,33.62
2021-01-11,33.54,33.65,32.75,32.85
2021-01-12,32.83,32.96,31.73,32.18
2021-01-13,32.18,32.34,31.99,32.01
2021-01-14,32.07,32.3,31.73,32.08
2021-01-15,31.9,32.29,31.6,31.99
2021-01-19,32.14,32.6,31.85,32.36
2021-01-20,32.33,32.91,32.17,32.86
2021-01-21,32.85,32.9,32.38,32.78
2021-01-22,32.55,33.03,32.43,32.91
2021-01-25,32.81,33.78,32.77,33.75
2021-01-26,33.89,34.4,33.84,34.39
2021-01-27,34.19,35.3,34.19,34.74
2021-01-28,34.5,34.99,33.94,33.96
2021-01-29,33.59,34.35,33.26,33.51
2021-02-01,33.53,33.82,33.22,33.25
2021-02-02,33.25,34.89,32.73,33.16
2021-02-03,33.14,33.2,32.77,33.01
2021-02-04,33.11,33.39,32.88,32.92
2021-02-05,33.33,34.14,33.15,33.8
2021-02-08,33.81,33.99,33.62,33.91
2021-02-09,33.94,34.07,33.45,33.71
2021-02-10,33.9,34.05,33.71,33.89
2021-02-11,34.2,36.27,33.94,35.54
2021-02-12,35.74,36.44,35.29,35.39
2021-02-16,35.37,35.65,35.15,35.36
2021-02-17,35.37,37.13,35.22,37.02
2021-02-18,37.07,39.2,36.86,38.96
2021-02-19,38.49,38.65,37.18,37.48
2021-02-22,37.35,37.52,37.08,37.23
2021-02-23,37.4,37.71,36.5,37.12
2021-02-24,37.01,37.62,36.66,37.6
2021-02-25,37.85,38.5,37.23,37.27
2021-02-26,37.25,37.41,36.37,36.38
2021-03-01,36.7,37.38,36.58,37.09
2021-03-02,37.19,37.62,36.91,37.32
2021-03-03,37.18,38.07,37.04,37.98
2021-03-04,38.1,38.88,36.77,37.21
2021-03-05,37.57,38.22,37.32,37.85
2021-03-08,38.1,38.87,37.82,38.67
2021-03-09,38.75,39.54,38.43,39.13
2021-03-10,39.56,39.71,38.96,39.51
2021-03-11,38.99,39.11,38.42,38.47
2021-03-12,38.55,38.55,37.81,38.11
2021-03-15,38.23,38.84,38.08,38.53
2021-03-16,38.56,38.94,38.47,38.74
2021-03-17,38.81,39.14,38.46,39.08
2021-03-18,38.83,39.24,38.78,38.94
2021-03-19,38.96,39.43,38.61,39.14
2021-03-22,39.04,39.56,38.99,39.55
2021-03-23,39.56,39.64,38.87,38.92
2021-03-24,38.84,38.97,38.22,38.23
2021-03-25,38.38,39.33,38.05,39.2
2021-03-26,39.35,40.14,38.88,40.03
2021-03-29,39.9,41.16,39.9,40.78
2021-03-30,40.91,41.2,40.18,40.28
2021-03-31,39.98,40.36,39.75,40.0
2021-04-01,40.07,40.09,39.37,40.03
2021-04-05,40.18,40.48,40.08,40.31
2021-04-06,40.11,40.79,40.1,40.7
2021-04-07,40.85,40.87,40.4,40.64
2021-04-08,40.59,40.85,40.52,40.81
2021-04-09,40.85,41.1,39.9,40.14
2021-04-12,40.26,40.89,40.18,40.7
2021-04-13,40.72,41.24,40.63,40.92
2021-04-14,40.61,40.77,39.66,40.27
2021-04-15,40.41,41.13,40.31,41.05
2021-04-16,41.16,41.47,40.76,41.0
2021-04-19,40.9,41.36,40.46,40.95
2021-04-20,40.85,41.07,40.44,41.03
2021-04-21,40.97,41.62,40.84,41.58
2021-04-22,41.42,41.48,40.81,40.97
2021-04-23,40.44,40.63,40.19,40.41
2021-04-26,40.31,40.59,39.89,40.13
2021-04-27,40.26,40.53,40.07,40.1
2021-04-28,40.16,40.47,39.96,40.12
2021-04-29,40.26,41.98,40.16,41.69
2021-04-30,41.31,41.6,40.76,41.29
2021-05-03,41.52,42.3,41.51,41.99
2021-05-04,42.09,42.48,41.89,42.36
2021-05-05,42.24,42.51,41.89,42.47
2021-05-06,42.66,43.2,42.56,43.12
2021-05-07,43.05,43.6,42.79,43.48
2021-05-10,43.69,44.25,43.42,43.62
2021-05-11,43.78,43.85,42.64,43.26
2021-05-12,43.15,43.63,42.85,42.92
2021-05-13,42.82,44.05,42.78,43.82
2021-05-14,44.0,44.42,43.72,43.73
2021-05-17,44.0,44.09,43.49,43.8
2021-05-18,43.96,44.09,43.68,43.69
2021-05-19,43.52,43.6,43.24,43.57
2021-05-20,43.49,44.0,43.41,43.87
2021-05-21,43.83,44.19,43.78,44.13
2021-05-24,44.27,44.95,44.27,44.52
2021-05-25,44.54,44.54,43.92,44.15
2021-05-26,44.19,44.27,43.93,44.18
2021-05-27,43.89,44.08,43.4,43.43
2021-05-28,43.4,43.88,43.4,43.59
2021-06-01,43.72,44.03,43.62,43.85
2021-06-02,43.96,44.22,43.73,44.09
2021-06-03,43.9,44.03,43.57,43.99
2021-06-04,44.19,44.33,43.72,43.96
2021-06-07,44.1,44.1,43.55,43.88
2021-06-08,43.83,43.93,43.64,43.78
2021-06-09,43.08,43.6,42.94,43.04
2021-06-10,43.11,43.3,42.92,42.95
2021-06-11,42.92,43.49,42.92,43.42
2021-06-14,43.13,43.15,42.11,42.82
2021-06-15,42.98,42.98,42.53,42.76
2021-06-16,42.64,42.68,41.87,41.91
2021-06-17,41.87,41.87,41.12,41.33
2021-06-18,41.17,41.28,40.26,40.5
2021-06-21,40.59,40.93,40.33,40.83
2021-06-22,40.89,40.89,40.51,40.55
2021-06-23,40.52,40.52,40.12,40.14
2021-06-24,40.23,40.51,39.82,40.37
2021-06-25,40.4,40.79,40.26,40.69
2021-06-28,40.7,40.99,40.62,40.88
2021-06-29,40.8,41.0,40.41,40.58
2021-06-30,40.51,40.98,40.51,40.78
2021-07-01,40.92,40.92,40.44,40.49
2021-07-02,40.49,40.6,40.22,40.38
2021-07-06,40.59,40.59,39.22,39.65
2021-07-07,39.56,40.04,39.52,39.85
2021-07-08,39.59,40.03,39.37,39.6
2021-07-09,39.68,40.01,39.63,39.95
2021-07-12,39.83,39.86,39.53,39.79
2021-07-13,39.63,39.8,38.99,39.16
2021-07-14,39.23,39.23,38.59,38.99
2021-07-15,38.88,39.55,38.87,39.43
2021-07-16,39.48,39.57,39.26,39.3
2021-07-19,39.2,39.69,38.77,39.34
2021-07-20,39.48,39.91,39.28,39.4
2021-07-21,39.58,39.7,39.33,39.37
2021-07-22,39.27,39.27,38.69,38.8
2021-07-23,38.87,39.37,38.72,39.22
2021-07-26,39.1,39.7,39.1,39.52
2021-07-27,39.41,39.46,39.07,39.27
2021-07-28,39.1,39.21,38.67,38.92
2021-07-29,39.15,39.17,38.8,38.98
2021-07-30,39.03,39.23,38.38,38.47
2021-08-02,38.59,38.78,38.39,38.58
2021-08-03,38.59,39.11,38.41,38.94
2021-08-04,38.45,38.45,36.7,36.94
2021-08-05,37.05,37.3,36.42,36.94
2021-08-06,37.23,37.49,37.0,37.2
2021-08-09,37.33,37.54,36.95,37.31
2021-08-10,37.33,37.6,36.97,37.47
2021-08-11,37.65,38.08,37.49,37.77
2021-08-12,37.84,37.89,37.36,37.36
2021-08-13,37.47,38.03,37.37,37.87
2021-08-16,37.86,38.26,37.69,38.01
2021-08-17,37.99,37.99,37.51,37.91
2021-08-18,37.85,37.88,36.93,36.95
2021-08-19,36.77,37.01,36.64,36.83
2021-08-20,36.7,36.8,36.26,36.6
2021-08-23,36.69,36.87,36.46,36.64
2021-08-24,36.71,36.74,36.37,36.55
2021-08-25,36.62,36.77,36.26,36.75
2021-08-26,36.75,36.82,36.03,36.07
2021-08-27,36.03,36.47,35.81,36.38
2021-08-30,36.29,36.43,36.09,36.12
2021-08-31,35.78,36.12,35.54,35.99
2021-09-01,36.12,36.4,35.94,36.1
2021-09-02,36.19,36.38,35.85,36.07
2021-09-03,36.07,36.19,35.75,35.83
2021-09-07,35.7,35.77,35.38,35.66
2021-09-08,35.7,37.41,35.61,37.06
2021-09-09,36.92,37.05,36.39,36.56
2021-09-10,36.49,36.59,36.17,36.33
2021-09-13,36.57,37.14,36.55,36.64
2021-09-14,36.75,36.85,36.03,36.21
2021-09-15,36.11,36.37,35.93,36.22
2021-09-16,36.24,36.69,36.03,36.54
2021-09-17,36.46,36.8,36.18,36.55
2021-09-20,36.37,36.63,35.76,36.21
2021-09-21,36.17,36.56,35.83,35.94
2021-09-22,36.38,36.6,35.94,36.13
2021-09-23,36.2,36.64,36.17,36.31
2021-09-24,36.35,36.67,36.28,36.39
2021-09-27,36.51,37.18,36.42,36.84
2021-09-28,36.79,37.11,36.19,36.62
2021-09-29,36.54,37.79,36.46,37.53
2021-09-30,37.6,37.64,36.8,36.82
2021-10-01,37.02,37.04,36.55,36.68
2021-10-04,36.68,37.3,36.68,36.89
2021-10-05,36.83,37.22,36.8,37.07
2021-10-06,36.87,37.39,36.61,37.35
2021-10-07,37.5,37.76,37.0,37.08
2021-10-08,37.07,37.28,36.71,36.78
2021-10-11,36.9,37.42,36.76,36.78
2021-10-12,36.69,37.05,36.53,36.78
2021-10-13,36.82,37.01,36.32,36.8
2021-10-14,36.99,37.4,36.94,37.26
2021-10-15,37.42,37.54,36.85,36.98
2021-10-18,36.73,37.17,36.63,36.88
2021-10-19,36.91,36.99,36.32,36.81
2021-10-20,36.74,37.05,36.58,36.92
2021-10-21,36.8,36.89,35.99,36.38
2021-10-22,36.33,36.76,36.3,36.38
2021-10-25,36.38,36.49,36.02,36.22
2021-10-26,36.35,36.87,36.21,36.44
2021-10-27,37.04,37.19,35.59,36.4
2021-10-28,36.3,36.53,35.89,36.48
2021-10-29,36.31,36.62,35.78,35.89
2021-11-01,35.88,36.78,35.79,36.73
2021-11-02,36.74,37.17,36.49,37.08
2021-11-03,37.19,37.51,36.96,37.42
2021-11-04,37.37,37.51,36.84,37.19
2021-11-05,37.49,38.2,37.45,37.84
2021-11-08,37.95,38.04,37.07,37.2
2021-11-09,37.15,37.4,37.0,37.35
2021-11-10,37.56,37.84,37.21,37.49
2021-11-11,37.43,37.55,37.22,37.28
2021-11-12,37.31,37.55,37.05,37.22
2021-11-15,37.28,37.74,37.24,37.62
2021-11-16,37.7,37.97,36.99,37.04
2021-11-17,37.05,37.14,36.41,36.56
2021-11-18,35.46,35.58,34.76,35.37
2021-11-19,35.32,35.57,34.98,35.34
2021-11-22,35.3,35.78,35.23,35.47
2021-11-23,35.72,36.06,35.61,35.82
2021-11-24,35.21,35.33,34.86,35.19
2021-11-26,34.9,35.25,34.54,34.83
2021-11-29,34.91,35.0,34.33,34.78
2021-11-30,34.64,34.7,33.51,33.61
2021-12-01,33.96,34.31,32.82,32.88
2021-12-02,32.99,33.47,32.78,33.25
2021-12-03,33.34,33.79,33.31,33.64
2021-12-06,33.89,34.65,33.87,34.27
2021-12-07,34.28,34.59,34.08,34.51
2021-12-08,34.0,34.05,33.14,33.15
2021-12-09,33.05,33.57,33.02,33.47
2021-12-10,33.43,34.16,33.38,34.15
2021-12-13,34.15,34.72,33.99,34.48
2021-12-14,34.38,35.14,34.38,34.78
2021-12-15,34.64,35.0,34.58,34.88
2021-12-16,34.94,36.12,34.83,36.0
2021-12-17,36.06,36.44,35.47,35.51
2021-12-20,35.26,35.33,34.9,35.27
2021-12-21,35.29,35.39,34.91,35.0
2021-12-22,35.0,35.2,34.68,35.11
2021-12-23,35.26,35.46,35.19,35.25
2021-12-27,35.16,35.44,34.93,35.43
2021-12-28,35.29,35.88,35.25,35.86
2021-12-29,35.9,36.05,35.79,35.81
2021-12-30,35.85,36.0,35.63,35.66
2021-12-31,35.56,35.95,35.49,35.9
